{
  "header": {
    "version": 3,
    "description": "Karaoke Mugen Series File"
  },
  "series": {
    "name": "07-Ghost",
    "aliases": [
      "07 Ghost",
      "07 vaiduokliai",
      "07-Hayalet",
      "07-روح",
      "Septyni vaiduokliai",
      "Seven Ghosts",
      "Seventh Ghost",
      "Седемте призрака",
      "Седьмой Дух",
      "Семь Душ",
      "セブンゴースト"
    ],
    "i18n": {
      "jpn": "07-Ghost",
      "eng": "07-Ghost"
    },
    "sid": "dd07850b-3579-47fe-a597-0440bb1cb16b"
  }
}