{
  "header": {
    "version": 3,
    "description": "Karaoke Mugen Series File"
  },
  "series": {
    "name": "11eyes",
    "aliases": [
      "11 akių",
      "11 глаз",
      "11 چشم",
      "11eyes -罪與罰與贖的少女-",
      "11eyes イレブンアイズ",
      "11eyes: Tsumi to Batsu to Aganai no Shoujo",
      "أحد عشر عيناً",
      "イレブンアイズ",
      "罪与罚与赎的少女"
    ],
    "i18n": {
      "jpn": "11eyes",
      "eng": "11 Eyes"
    },
    "sid": "16825e96-4585-44f5-b502-3959fb51b0da"
  }
}