{
  "header": {
    "version": 3,
    "description": "Karaoke Mugen Series File"
  },
  "series": {
    "name": "3-gatsu no Lion",
    "aliases": [
      "Sangatsu no Lion",
      "3-gatsu no Lion",
      "3月的狮子",
      "sangatsu (2016)",
      "Март месец връхлита като лъв",
      "Март месец те връхлита като лъв",
      "Мартовский лев"
    ],
    "i18n": {
      "jpn": "3月のライオン",
      "eng": "March Comes In Like a Lion",
      "kor": "3월의 라이온",
      "ita": "Un marzo da leoni"
    },
    "sid": "bfd9a244-40d0-4ec8-81ba-041ae07a6797"
  }
}