{
  "header": {
    "version": 3,
    "description": "Karaoke Mugen Series File"
  },
  "series": {
    "name": "80-nichikan Sekai Isshû",
    "aliases": [
      "Hachijunichikan Sekai Isshû",
      "80 Days Around the World With Willy Fog",
      "80日間世界一周",
      "Anime Hachi-Juu Nichikan Sekai Isshuu",
      "Around the World in Eighty Days",
      "Dookoła świata z Willym Fogiem",
      "Willy Fog: W osiemdziesiąt dni dookoła świata",
      "Вокруг света за 80 дней",
      "Около Света за 80 дни с Уоли Фог",
      "ثمانون يوم حول العالم"
    ],
    "i18n": {
      "jpn": "アニメ 80日間世界一周",
      "eng": "Around the World with Willy Fog",
      "fre": "Le tour du monde en 80 jours",
      "hun": "80 nap alatt a Föld körül Willy Foggal",
      "por": "A Volta ao Mundo em 80 Dias com Willy Fog",
      "ita": "Il giro del mondo di Willy Fog",
      "spa": "La vuelta al mundo de Willy Fog",
      "fin": "Maailman ympäri 80 päivässä",
      "rum": "Ocolul pământului în 80 de zile cu Willy Fog",
      "ger": "Um die Welt mit Willy Fog",
      "ice": "Umhverfis jörðina á áttatíu dögum",
      "pol": "W osiemdziesiąt dni dookoła świata",
      "cze": "Willy Fog na cestě kolem světa",
      "gre": "Ο Γύρος του κόσμου σε 80 μέρες",
      "heb": "מסביב לעולם עם ווילי פוג",
      "ara": "السبع المدهش"
    },
    "sid": "eef616d0-e23d-4347-a777-21b04ab984cc"
  }
}