{
  "header": {
    "version": 3,
    "description": "Karaoke Mugen Series File"
  },
  "series": {
    "name": "Aa! Megami-sama! Tatakau Tsubasa",
    "aliases": [
      "AA! Nữ thần của tôi: Đôi cánh chiến đấu",
      "Ah! My Goddess: Fighting Wings",
      "Ah! My Goddess: Tatakau Tsubasa",
      "我的女神 战斗之翼"
    ],
    "i18n": {
      "jpn": "ああっ女神さまっ 闘う翼",
      "eng": "Ah! My Goddess: Fighting wings",
      "fre": "Ah! My Goddess: Fighting Wings"
    },
    "sid": "c0ae15ae-5902-48e3-ab3c-7c720ec4d5a1"
  }
}