{
  "header": {
    "version": 3,
    "description": "Karaoke Mugen Series File"
  },
  "series": {
    "name": "Aa! Megami-sama! Sorezore no Tsubasa",
    "aliases": [
      "Ah! My Goddess Everyone's Wings",
      "Ah! My Goddess Flights of Fancy",
      "Ah! My Goddess: Everyone Has Wings",
      "Ah! My Goddess: Sorezore no Tsubasa",
      "Ah! Zeiţa Mea: Oricine are Aripi",
      "Ah!! My Goddess: Sorezore no Hane",
      "amg s2",
      "AMG TV 2",
      "amg2",
      "amgtv2",
      "ams tv 2",
      "ams tv2",
      "ams2",
      "amstv2",
      "Ах! Богиньо моя! Всеки има крила",
      "Ах! Моя богиня: у каждого есть крылья",
      "Моя богиня! (сезон второй)",
      "ああっ女神さまっ 第二期",
      "我的女神: 缤纷之翼"
    ],
    "i18n": {
      "jpn": "ああっ女神さまっ それぞれの翼",
      "eng": "Ah! My Goddess: Flights of Fancy",
      "fre": "Ah! My Goddess TV Saison 2"
    },
    "sid": "e564f25c-2f27-41d8-a71b-a893383848bc"
  }
}