{
  "header": {
    "version": 3,
    "description": "Karaoke Mugen Series File"
  },
  "series": {
    "name": "Aa! Megami-sama!",
    "aliases": [
      "aams",
      "Ah! My Goddess",
      "AMG",
      "AMS",
      "ams ova",
      "Oh! My Goddess",
      "OMG",
      "omg ova",
      "Ах! Богиньо моя!",
      "我的女神"
    ],
    "i18n": {
      "jpn": "ああっ女神さまっ",
      "eng": "Oh My Goddess!",
      "cze": "Ach! Má bohyně",
      "spa": "Ah, mi Diosa!",
      "por": "Ah! Minha Deusa",
      "fre": "Ah! My Goddess OAV",
      "ita": "Oh, Mia Dea!",
      "ger": "Oh! My Goddess - OVA",
      "rus": "Моя богиня!",
      "tha": "เทพธิดาอลเวง"
    },
    "sid": "d9ad1953-f9aa-43db-8ba0-ca564036a7e9"
  }
}