{
  "header": {
    "version": 3,
    "description": "Karaoke Mugen Series File"
  },
  "series": {
    "name": "Abenobashi Mahô Shôtengai",
    "aliases": [
      "Magical Shooping Arcade Abenobashi",
      "Magical Shopping Street Abenobashi",
      "Abenobashi Magic Shopping District",
      "Abenobashi Mahou Shoutengai",
      "abesho",
      "AMSA",
      "Абенобаши - вълшебният търговски квартал",
      "Магический округ Абэнобаси",
      "阿倍野桥魔法商店街"
    ],
    "i18n": {
      "jpn": "アベノ橋魔法☆商店街",
      "eng": "Magical Shopping Arcade Abenobashi",
      "ita": "Abenobashi il Quartiere Commerciale di Magia",
      "ger": "Abenobashi Magical Shopping Arcade",
      "fre": "Abenobashi Magical Shopping Street",
      "spa": "Distrito comercial magico Abenobashi",
      "rus": "Абэнобаси: волшебный торговый квартал"
    },
    "sid": "fb5fc59d-cb67-4f09-9fa2-c7be77c90721"
  }
}