{
  "header": {
    "version": 3,
    "description": "Karaoke Mugen Series File"
  },
  "series": {
    "name": "Accel World",
    "aliases": [
      "AW",
      "Dunia Percepatan",
      "Ускорен Свят",
      "Ускоренный мир"
    ],
    "i18n": {
      "jpn": "アクセル・ワールド",
      "fre": "Accel World",
      "ger": "Accel World",
      "eng": "Accel World",
      "per": "دنیای شتاب",
      "kor": "액셀 월드",
      "chi": "加速世界"
    },
    "sid": "1978e19d-61f9-4a84-8712-86020545c8a0"
  }
}