{
  "header": {
    "version": 3,
    "description": "Karaoke Mugen Series File"
  },
  "series": {
    "name": "Active Raid: Kidô Kyôshûshitsu Dai Hachi Gakari 2nd",
    "aliases": [
      "Active Raid Second",
      "Active Raid: Kidou Kyoushuushitsu Dai Hachi Gakari 2nd"
    ],
    "i18n": {
      "eng": "Active Raid: Special Public Security Fifth Division Third Mobile Assault Eighth Unit 2nd ",
      "jpn": "アクティヴレイド – 機動強襲室第八係 – 2nd "
    },
    "sid": "7f2a9149-e04e-4cd0-b45b-b0b7bde8ab9a"
  }
}