{
  "header": {
    "version": 3,
    "description": "Karaoke Mugen Series File"
  },
  "series": {
    "name": "Active Raid: Kidô Kyôshûshitsu Dai Hachi Gakari",
    "aliases": [
      "Active Raid Kidou Kyoushuushitsu Dai Hachi Gakari"
    ],
    "i18n": {
      "jpn": "アクティヴレイド -機動強襲室第八係-",
      "eng": "Active Raid: Special Public Security Fifth Division Third Mobile Assault Eighth Unit"
    },
    "sid": "e7c9107a-007d-46d9-a758-737d86b44214"
  }
}