{
  "header": {
    "version": 3,
    "description": "Karaoke Mugen Series File"
  },
  "series": {
    "name": "Adventure Time with Finn and Jake",
    "aliases": [
      "Adventure Time avec Finn et Jake"
    ],
    "i18n": {
      "eng": "Adventure Time with Finn and Jake",
      "fre": "Adventure Time",
      "ger": "Adventure Time – Abenteuerzeit mit Finn und Jake",
      "spa": "Hora de aventuras",
      "dut": "Tijd voor Avontuur",
      "por": "Hora de Aventuras",
      "ita": "Adventure Time"
    },
    "sid": "313c59c3-a9ae-4aba-837d-67876214bd5f"
  }
}