{
  "header": {
    "version": 3,
    "description": "Karaoke Mugen Series File"
  },
  "series": {
    "name": "Adventures of Sonic the Hedgehog",
    "i18n": {
      "eng": "Adventures of Sonic the Hedgehog",
      "fre": "Les aventures de Sonic",
      "ger": "Sonic der irre Igel",
      "spa": "Las aventuras de Sonic el Erizo",
      "ita": "Le avventure di Sonic",
      "jpn": "アドベンチャーズ・オブ・ソニック・ザ・ヘッジホッグ",
      "chi": "刺猬索尼克历险记"
    },
    "sid": "218bac58-24cc-4ccc-b02b-a12d65b54fd7"
  }
}