{
  "header": {
    "version": 3,
    "description": "Karaoke Mugen Series File"
  },
  "series": {
    "name": "Ai no Wakakusa Monogatari",
    "aliases": [
      "Les 4 filles du docteur March",
      "Love's Tale of Young Grass",
      "Piccole donne",
      "สี่ดรุณี"
    ],
    "i18n": {
      "jpn": "愛の若草物語",
      "eng": "Little Women",
      "fre": "Les quatre filles du docteur March",
      "por": "As Mulherzinhas",
      "ger": "Eine fröhliche Familie",
      "spa": "Mujercitas",
      "fin": "Pikku naisia",
      "ita": "Una per tutte, tutte per una",
      "heb": "נשים קטנות",
      "per": "زنان کوچک",
      "ara": "نساء صغيرات"
    },
    "sid": "091bae55-3f8e-443f-b6c9-fcabbb1cd5f4"
  }
}