{
  "header": {
    "version": 3,
    "description": "Karaoke Mugen Series File"
  },
  "series": {
    "name": "Ai Yori Aoshi",
    "aliases": [
      "AiAo",
      "AYA",
      "aya1",
      "Azul",
      "Blau",
      "Bluer than Indigo",
      "Sempre più Blu",
      "Синее синего",
      "青出于蓝"
    ],
    "i18n": {
      "jpn": "藍より青し",
      "fre": "Bleu Indigo",
      "eng": "Ai Yori Aoshi",
      "rus": "Темнее, чем индиго"
    },
    "sid": "23f96642-0062-4aad-a317-a81c1a8748d4"
  }
}