{
  "header": {
    "version": 3,
    "description": "Karaoke Mugen Series File"
  },
  "series": {
    "name": "Ai Yori Aoshi: Enishi",
    "aliases": [
      "Ai Yori Aoshi: Enishi",
      "aya enishi",
      "aya2",
      "ayae",
      "Bluer than Indigo ~Fate~",
      "Sempre più Blu 2",
      "Все оттенки синевы ~ Судьба ~",
      "青出于蓝~缘~"
    ],
    "i18n": {
      "jpn": "藍より青し~縁~",
      "fre": "Bleu Indigo: Enishi",
      "eng": "Ai Yori Aoshi ~Enishi~"
    },
    "sid": "3f72b9e6-e20c-43ed-9f12-7d86979dc1a5"
  }
}