{
  "header": {
    "version": 3,
    "description": "Karaoke Mugen Series File"
  },
  "series": {
    "name": "Air Gear",
    "aliases": [
      "AG",
      "Airgear",
      "Въздушен Механизъм",
      "Эйр Гир",
      "แอร์เกียร์",
      "飞轮少年"
    ],
    "i18n": {
      "jpn": "エア・ギア",
      "eng": "Air Gear",
      "ger": "Air Gear",
      "por": "Air Gear",
      "fre": "Air Gear",
      "tha": "แอร์เกียร์ ขาคู่ทะลุฟ้า"
    },
    "sid": "a4d456f6-53d1-4f6b-a597-264fc2c9dbde"
  }
}