{
  "header": {
    "version": 3,
    "description": "Karaoke Mugen Series File"
  },
  "series": {
    "name": "Air in Summer",
    "aliases": [
      "Air Natsu Tokubetsu-hen",
      "AIR TV",
      "AIR 青空",
      "airtv",
      "Gaiss",
      "Gökyüzü",
      "Powietrze",
      "Въздух",
      "Высь",
      "Повітря",
      "ایئر",
      "هواء"
    ],
    "i18n": {
      "jpn": "AIR イン サマー",
      "eng": "Air in Summer"
    },
    "sid": "1df958e4-7ec5-43e1-b7f0-d3b185c00a8e"
  }
}