{
  "header": {
    "version": 3,
    "description": "Karaoke Mugen Series File"
  },
  "series": {
    "name": "Air",
    "aliases": [
      "Air Natsu Tokubetsu-hen",
      "AIR TV",
      "AIR 青空",
      "airtv",
      "Gaiss",
      "Gökyüzü",
      "Powietrze",
      "Въздух",
      "Высь",
      "Повітря",
      "ایئر",
      "هواء"
    ],
    "i18n": {
      "jpn": "AIR",
      "eng": "Air"
    },
    "sid": "eaaff7c4-3d53-4efa-9f32-d8f24cf62d29"
  }
}