{
  "header": {
    "version": 3,
    "description": "Karaoke Mugen Series File"
  },
  "series": {
    "name": "Aishiteru ze Baby",
    "aliases": [
      "ai baby",
      "AiBaby",
      "Aishiteruze Baby",
      "Aishiteruze Beibe",
      "azb",
      "I Love Ya Baby",
      "I Love You Baby",
      "Seni Seviyorum Bebek",
      "Люблю тебя малышка",
      "Обичам те мъниче!",
      "사랑해 Baby★★",
      "寶貝我愛你",
      "我愛你Baby"
    ],
    "i18n": {
      "jpn": "愛してるぜベイベ★★",
      "eng": "Babe, My Love",
      "fre": "Babe My Love",
      "chi": "型仔湊女記"
    },
    "sid": "6642f234-2189-4c3b-bb66-8ee574089661"
  }
}