{
  "header": {
    "version": 3,
    "description": "Karaoke Mugen Series File"
  },
  "series": {
    "name": "Aishite Knight",
    "aliases": [
      "Lucile Amour et Rock'n'roll",
      "Ai Shite Knight",
      "Love in Rock 'n Roll",
      "Love Me Knight",
      "Lucile amour et rock 'n' roll",
      "Rock'n'Roll Kids"
    ],
    "i18n": {
      "jpn": "愛してナイト",
      "eng": "Rock'n Roll Kids",
      "fre": "Embrasse-moi, Lucile",
      "por": "A Minha Amiga Licia",
      "spa": "Bésame Licia",
      "ita": "Kiss Me, Licia",
      "ger": "Rock'n Roll Kids"
    },
    "sid": "859e9f92-bf14-476b-b2b1-28964f8f87da"
  }
}