{
  "header": {
    "version": 3,
    "description": "Karaoke Mugen Series File"
  },
  "series": {
    "name": "Akagami no Shirayuki-hime S2",
    "aliases": [
      "Akagami no Shirayukihime"
    ],
    "i18n": {
      "jpn": "赤髪の白雪姫 Snow White with the Red Hair (2016)",
      "eng": "Snow White with the Red Hair 2nd Season",
      "fre": "Shirayuki aux cheveux rouges S2",
      "ger": "Die rothaarige Schneeprinzessin 2"
    },
    "sid": "19eac791-abf1-4c7d-b8f9-9f8489654e3e"
  }
}