{
  "header": {
    "version": 3,
    "description": "Karaoke Mugen Series File"
  },
  "series": {
    "name": "Akai Kôdan Zillion",
    "aliases": [
      "Akai Koudan Zillion",
      "Akai Kodan Zillion",
      "Red Photon Zillion",
      "Wojownicy Maris",
      "Zillion",
      "붉은 광탄 질리온"
    ],
    "i18n": {
      "jpn": "赤い光弾ジリオン",
      "eng": "Zillion",
      "pol": "Zillion"
    },
    "sid": "3e1e5ab3-a159-4271-9e03-7b1b590beb3d"
  }
}