{
  "header": {
    "version": 3,
    "description": "Karaoke Mugen Series File"
  },
  "series": {
    "name": "Akame ga Kill!",
    "aliases": [
      "AkaKill",
      "murder city",
      "Убийца Акаме",
      "Убийцата Акаме"
    ],
    "i18n": {
      "jpn": "アカメが斬る!",
      "eng": "Akame ga Kill!",
      "fre": "Red Eyes Sword ‒ Akame ga Kill",
      "ger": "Akame ga Kill!",
      "bul": "Червенооката убийца",
      "chi": "斩! 赤红之瞳"
    },
    "sid": "4d6e59ba-b53b-45fc-87a8-144f0aac55f1"
  }
}