{
  "header": {
    "version": 3,
    "description": "Karaoke Mugen Series File"
  },
  "series": {
    "name": "Akane-iro ni Somaru Saka",
    "aliases": [
      "akasaka",
      "Krapprot Gefärbter Hügel",
      "Rose Madder Dyed Hill",
      "Холм в багряных сумерках",
      "Ярко красные холмы",
      "茜色坂道 夕阳染红的坡道.染红的街道"
    ],
    "i18n": {
      "jpn": "あかね色に染まる坂",
      "eng": "Akane-iro ni Somaru Saka"
    },
    "sid": "f4a4ef89-2712-4908-99c7-fa56b81d36a0"
  }
}