{
  "header": {
    "version": 3,
    "description": "Karaoke Mugen Series File"
  },
  "series": {
    "name": "Akatsuki no Yona",
    "aliases": [
      "The Girl Standing in the Blush of Dawn",
      "yotd",
      "Иона на заре",
      "Йон А - момичето на утринната свежест",
      "Йона на заре",
      "Рассвет Ёны",
      "Рассвет Йоны",
      "拂晓的尤娜"
    ],
    "i18n": {
      "jpn": "暁のヨナ",
      "eng": "Yona of the Dawn",
      "fre": "Yona, princesse de l'aube"
    },
    "sid": "8b162378-ad80-4c3c-864f-1996534ac8ec"
  }
}