{
  "header": {
    "version": 3,
    "description": "Karaoke Mugen Series File"
  },
  "series": {
    "name": "Albert le cinquième mousquetaire",
    "i18n": {
      "fre": "Albert le cinquième mousquetaire",
      "eng": "Albert the Fifth Musketeer",
      "ger": "Albert der 5. Musketier",
      "ita": "Albert il quinto moschettiere",
      "dut": "Albert De Vijfde Musketier",
      "pol": "Albert piąty muszkieter",
      "rus": "Альберт — пятый мушкетёр"
    },
    "sid": "1d730e9b-0770-4c36-a5f2-c2f39ebd210c"
  }
}