{
  "header": {
    "version": 3,
    "description": "Karaoke Mugen Series File"
  },
  "series": {
    "name": "Aldnoah.Zero",
    "aliases": [
      "A.Z",
      "A/Z",
      "ΛLDNOΛH.ZERO",
      "Алдной.Генезис",
      "アルドノア・ゼロ"
    ],
    "i18n": {
      "jpn": "アルドノア・ゼロ ALDNOAH.ZERO",
      "fre": "Aldnoah.Zero",
      "eng": "Aldnoah.Zero",
      "chi": "ALDNOAH.ZERO",
      "ind": "Aldnoah.Zero",
      "ger": "Aldnoah.Zero",
      "per": "آلدنواح.صفر",
      "kor": "알드노아 제로"
    },
    "sid": "a30691d4-41a8-4b3c-a4e3-29d89ebd0948"
  }
}