{
  "header": {
    "version": 3,
    "description": "Karaoke Mugen Series File"
  },
  "series": {
    "name": "Alfred J. Kwak",
    "aliases": [
      "Chiisana Ahiru no Ooki na Ai no Monogatari: Ahiru no Kwak",
      "Alfred Jodocus Kwak",
      "Little Duck's Big Love Story",
      "The Adventures of Alfred J. Quack"
    ],
    "i18n": {
      "fre": "Alfred J. Kwak",
      "jpn": "小さなアヒルの大きな愛の物語 あひるのクワック",
      "eng": "Alfred J. Kwak",
      "ger": "Alfred J. Kwak",
      "pol": "Alfred Jonatan Kwak",
      "ita": "Niente paura c'è Alfred",
      "heb": "שאלתיאל קוואק",
      "ara": "ألفرد كواك",
      "swe": "Alfred J. Kvack",
      "fin": "Alfred J. Kwak",
      "dut": "Alfred J. Kwak",
      "hun": "Alfréd a kacsa",
      "dan": "Rasmus Rap",
      "gre": "Ο Άλφρεντ το Παπί",
      "srp": "Алфред Џонатан Квак"
    },
    "sid": "1776042c-f12b-4c86-80ba-615bf2f7e103"
  }
}