{
  "header": {
    "version": 3,
    "description": "Karaoke Mugen Series File"
  },
  "series": {
    "name": "Allison to Lillia",
    "aliases": [
      "Allison a Lillia",
      "Allison and Lillia",
      "Allison İle Lillia",
      "Allison och Lillia",
      "AltoLi",
      "Алисон и Лилия",
      "Алисън и Лилия",
      "Аллисон и Лилия",
      "艾莉森与莉莉亚"
    ],
    "i18n": {
      "jpn": "アリソンとリリア",
      "eng": "Allison & Lillia",
      "slo": "Allison a Lillia",
      "pol": "Allison i Lillia"
    },
    "sid": "92aaa42e-3ddb-4bf3-b541-1448ca03ce6d"
  }
}