{
  "header": {
    "version": 3,
    "description": "Karaoke Mugen Series File"
  },
  "series": {
    "name": "Alps Monogatari: Watashi no Annette",
    "aliases": [
      "Sui monti con Annette",
      "The Alps Story: My Annette",
      "Альпийская история: Моя Аннетт",
      "داستان های آلپ: آنت من"
    ],
    "i18n": {
      "jpn": "アルプス物語 わたしのアンネット",
      "eng": "Alps Stories: My Annette",
      "fre": "Dans les Alpes avec Annette",
      "pol": "Anette",
      "ger": "Die Kinder vom Berghof",
      "ita": "Là sui monti con Annette",
      "spa": "Las montañas de Ana",
      "gre": "Αννέτ, το Κορίτσι των Άλπεων",
      "per": "بچه های کوه آلپ",
      "ara": "قصة حنان"
    },
    "sid": "dac82917-7e67-4858-b7b4-82783f4d4289"
  }
}