{
  "header": {
    "version": 3,
    "description": "Karaoke Mugen Series File"
  },
  "series": {
    "name": "Alps no Shôjo Heidi",
    "aliases": [
      "Alps no Shoujo Heidi",
      "De Avonturen Van Heidi",
      "Heidi",
      "Heidi la fille des Alpes",
      "Heidi: Girl of the Alps"
    ],
    "i18n": {
      "jpn": "アルプスの少女ハイジ",
      "eng": "Heidi: Girl of the Alps",
      "fre": "Heidi",
      "ice": "Heiða í Ölpunum",
      "hun": "Heidi",
      "spa": "Heidi",
      "dut": "Heidi",
      "ita": "Heidi",
      "cat": "Heidi",
      "por": "Heidi",
      "pol": "Heidi",
      "ger": "Heidi",
      "rum": "Heidi",
      "tur": "Heidi",
      "gre": "Χάιντι",
      "rus": "Хайди - девочка Альп",
      "ukr": "Хайді",
      "ara": "هايدي",
      "per": "هایدی، دختر آلپ"
    },
    "sid": "3b31f226-4f50-46af-82b9-1d5037f931bf"
  }
}