{
  "header": {
    "version": 3,
    "description": "Karaoke Mugen Series File"
  },
  "series": {
    "name": "Amagi Brilliant Park",
    "aliases": [
      "Amaburi",
      "amaburi",
      "아마기",
      "甘ブリ"
    ],
    "i18n": {
      "jpn": "甘城ブリリアントパーク",
      "eng": "Amagi Brilliant Park",
      "pol": "Cudowny Park Amagi",
      "kor": "아마기 브릴리언트 파크",
      "chi": "甘城光辉游乐园"
    },
    "sid": "043eda5d-0a8b-42c9-a420-f6e23875b4be"
  }
}