{
  "header": {
    "version": 3,
    "description": "Karaoke Mugen Series File"
  },
  "series": {
    "name": "Ame-iro Cocoa: Rainy Color e Yôkoso",
    "aliases": [
      "Ameiro Cocoa Rainy Color e Youkoso",
      "Ame-iro Cocoa Rainy Color e Youkoso",
      "Rainy Cocoa: Season 2"
    ],
    "i18n": {
      "jpn": "雨色ココア Rainy colorへようこそ!",
      "eng": "Rainy Cocoa: Welcome to Rainy Color",
      "fre": "Ame-iro Cocoa: Rainy Color e Yôkoso"
    },
    "sid": "23cca7b6-03e0-4256-b8ce-3877f8bd2755"
  }
}