{
  "header": {
    "version": 3,
    "description": "Karaoke Mugen Series File"
  },
  "series": {
    "name": "Angel Beats!",
    "aliases": [
      "AB!",
      "Angel Beats",
      "Angelo širdies dūžiai",
      "Eņģeļa Pulss",
      "Ангельские ритмы!",
      "Пульс ангела!",
      "엔젤비트! 엔젤비츠!",
      "エンジェル ビーツ!",
      "天使的心跳"
    ],
    "i18n": {
      "jpn": "Angel Beats!",
      "eng": "Angel Beats!",
      "ger": "Angel Beats!",
      "chi": "Angel Beats!",
      "tha": "แองเจิลบีทส์ แผนพิชิตนางฟ้า"
    },
    "sid": "968ce1fe-c2da-4db5-a451-d69b5a7eee62"
  }
}