{
  "header": {
    "version": 3,
    "description": "Karaoke Mugen Series File"
  },
  "series": {
    "name": "Anime Sanjûshi",
    "aliases": [
      "Anime Senjuushi",
      "Animated Three Musketeers",
      "Anime San Jushi",
      "Anime San Juushi",
      "anisan",
      "Os Três Mosqueteiros",
      "アニ三",
      "Anime Sanjuushi"
    ],
    "i18n": {
      "jpn": "アニメ三銃士",
      "eng": "The Three Musketeers",
      "fre": "Sous le signe des mousquetaires",
      "heb": "(שלושת המוסקטרים (1987",
      "rum": "Cei trei muşchetari",
      "ita": "D'Artagnan e i moschettieri del re",
      "por": "D'Artagnan e os Três Mosqueteiros",
      "ger": "D'Artagnan und die drei Musketiere",
      "spa": "Las Aventuras del Joven D'Artagnan",
      "gre": "Οι τρεις σωματοφύλακες",
      "ara": "فرقة الفرسان"
    },
    "sid": "61ff9333-4f70-4b2e-893d-0380b6446dbf"
  }
}