{
  "header": {
    "version": 3,
    "description": "Karaoke Mugen Series File"
  },
  "series": {
    "name": "Ano Hi Mita Hana no Namae o Bokutachi wa Mada Shiranai. (Rebroadcast)",
    "aliases": [
      "AnoHana",
      "Ano Hana"
    ],
    "i18n": {
      "jpn": "あの日見た花の名前を僕達はまだ知らない. (Rebroadcast)",
      "eng": "AnoHana: The Flower We Saw That Day (Rebroadcast)",
      "fre": "Ano Hi Mita Hana no Namae o Bokutachi wa Mada Shiranai (Rebroadcast)"
    },
    "sid": "9857e067-8d2e-45a0-b479-b26567ed82e2"
  }
}