{
  "header": {
    "version": 3,
    "description": "Karaoke Mugen Series File"
  },
  "series": {
    "name": "Ano Hi Mita Hana no Namae o Bokutachi wa Mada Shiranai.",
    "aliases": [
      "AnoHana",
      "Ano Hana",
      "anohana",
      "Nadal nie znamy nazwy kwiatu który widzieliśmy tamtego dnia.",
      "O Gün Gördüğümüz Çiçeğin Adını Hala Bilmiyoruz",
      "We Still Don't Know the Name of the Flower We Saw That Day.",
      "А нам всё невдомёк как звался тот цветок",
      "Ано Хана",
      "Невиданный цветок",
      "Невідома квітка що ми побачили того дня",
      "Тэр Цэцэг",
      "אנחנו עדיין לא יודעים את השם של הפרח שראינו באותו היום",
      "لازلنا لا نعرف أسماء الزهور التي رأيناها في ذلك اليوم",
      "هنوز اسم گلی که آن روز دیدیم را نمی دانیم",
      "那日所見花兒之名我們仍未知曉",
      "那日所见花儿之名我们仍未知晓",
      "那朵花"
    ],
    "i18n": {
      "jpn": "あの日見た花の名前を僕達はまだ知らない.",
      "eng": "Anohana: The Flower We Saw That Day",
      "fre": "Ano Hi Mita Hana no Namae o Bokutachi wa Mada Shiranai",
      "ita": "Ano hana",
      "bul": "Все още не знаем името на цветето, което видяхме онзи ден.",
      "mon": "Тэр Нэгэн Өдөр Харсан Цэцгийн Нэрийг Бид Одоо ч Мэдэхгүй",
      "tha": "ดอกไม้ มิตรภาพ และ ความทรงจำ",
      "kor": "그날 본 꽃의 이름을 우리는 아직 모른다",
      "chi": "我们仍未知道那天所看见的花的名字."
    },
    "sid": "b4636c1e-46fc-410a-89b9-d92605be5b5d"
  }
}