{
  "header": {
    "version": 3,
    "description": "Karaoke Mugen Series File"
  },
  "series": {
    "name": "Ano Natsu de Matteru",
    "aliases": [
      "AnoNatsu",
      "natsumachi",
      "Ждём тебя летом",
      "מחכים בקיץ",
      "منتظر آن تابستان هستم",
      "なつまち"
    ],
    "i18n": {
      "jpn": "あの夏で待ってる",
      "eng": "Waiting in the Summer",
      "fre": "Ano Natsu De Matteru",
      "ger": "Waiting in the Summer",
      "mon": "Тэр нэг зунд хүлээж байя"
    },
    "sid": "fcb2e8d8-22e1-42e4-bd57-f36502d888bc"
  }
}