{
  "header": {
    "version": 3,
    "description": "Karaoke Mugen Series File"
  },
  "series": {
    "name": "Ansatsu Kyôshitsu",
    "aliases": [
      "AssClass",
      "AssCla",
      "Ansatsu Kyoushitsu",
      "ass class",
      "Assassination Classroom",
      "Класс Убийц"
    ],
    "i18n": {
      "jpn": "暗殺教室 ASSASSINATION CLASSROOM",
      "eng": "Assassination Classroom",
      "kor": "암살교실 (2015)",
      "fre": "Assassination Classroom",
      "tgl": "Invincible Teacher",
      "chi": "暗殺教室"
    },
    "sid": "b8ae1cec-3c80-4d3a-9cc3-816f21488b4f"
  }
}