{
  "header": {
    "version": 3,
    "description": "Karaoke Mugen Series File"
  },
  "series": {
    "name": "Ao Haru Ride",
    "aliases": [
      "Ao Haride",
      "Aoha Ride",
      "aoha",
      "Aoharaido",
      "Youth Ride",
      "Неудержимая юность",
      "Пътят на младостта"
    ],
    "i18n": {
      "jpn": "アオハライド",
      "eng": "Blue Spring Ride",
      "fre": "Blue Spring Ride"
    },
    "sid": "f6995287-82a6-4ff6-9321-3617afda5474"
  }
}