{
  "header": {
    "version": 3,
    "description": "Karaoke Mugen Series File"
  },
  "series": {
    "name": "Ao no Exorcist",
    "aliases": [
      "AnE",
      "Ao no Futsumashi",
      "AoEx",
      "Синият Екзорсист",
      "اگزورسیست آبی",
      "جن گیر آبی",
      "青エク",
      "青のエクソシスト",
      "青之驱魔师"
    ],
    "i18n": {
      "jpn": "青の祓魔師",
      "eng": "Blue Exorcist",
      "fre": "Blue Exorcist",
      "ger": "Blue Exorcist",
      "rus": "Синий экзорцист",
      "ara": "المعوذ الأزرق",
      "per": "جنگیر آبی"
    },
    "sid": "999a8251-15ba-4a1a-b934-cc6f15a44919"
  }
}