{
  "header": {
    "version": 3,
    "description": "Karaoke Mugen Series File"
  },
  "series": {
    "name": "Aoki Ryûsei SPT Layzner",
    "aliases": [
      "Aoki Ryuusei SPT Layzner",
      "Blue Comet SPT Layzner",
      "Layzner",
      "Layzner Super Powered Tracer",
      "SPT Layzner",
      "Голубой метеор СПТ Лейзнер"
    ],
    "i18n": {
      "jpn": "蒼き流星SPTレイズナー",
      "eng": "Blue Comet SPT Layzner"
    },
    "sid": "5a74a089-ed9d-4327-8305-2d6bcc15485a"
  }
}