{
  "header": {
    "version": 3,
    "description": "Karaoke Mugen Series File"
  },
  "series": {
    "name": "Aoki Hagane no Arpeggio: Ars Nova",
    "aliases": [
      "蒼き鋼のアルペジオ -アルス・ノヴァ-"
    ],
    "i18n": {
      "jpn": "蒼き鋼のアルペジオ -ARS NOVA-",
      "eng": "Arpeggio of Blue Steel",
      "fre": "Arpeggio of Blue Steel",
      "kor": "푸른 강철의 아르페지오",
      "chi": "苍蓝钢铁战舰"
    },
    "sid": "92e3dacf-edec-4f6f-8f2e-44da504ed125"
  }
}