{
  "header": {
    "version": 3,
    "description": "Karaoke Mugen Series File"
  },
  "series": {
    "name": "Ar tonelico 2: Sekai ni Hibiku Shôjo-tachi no Metafarika",
    "aliases": [
      "Ar tonelico 2: Sekai ni Hibiku Shoujo-tachi no Metafarika",
      "ar tonelico 2",
      "Ar tonelico 2: The Girls' Metafalica that Echoes to the World",
      "Ar-Tonelico 2"
    ],
    "i18n": {
      "jpn": "アルトネリコ２　世界に響く少女たちの創造詩",
      "eng": "Ar tonelico 2: Melody of Metafalica"
    },
    "sid": "d2ef7006-d08b-4cd1-8444-660f7205f549"
  }
}