{
  "header": {
    "version": 3,
    "description": "Karaoke Mugen Series File"
  },
  "series": {
    "name": "Ar tonelico: Sekai no Owari de Utai Tsuzukeru Shôjo",
    "aliases": [
      "Ar tonelico: Sekai no Owari de Utai Tsuzukeru Shoujo",
      "ar tonelico",
      "Ar tonelico: The Girl Who Sings at the End of the World",
      "Ar-Tonelico",
      "Ар Тонелико: Момичето което пее накрая на света"
    ],
    "i18n": {
      "jpn": "アルトネリコ 世界の終わりで詩い続ける少女",
      "eng": "Ar tonelico: Melody of Elemia"
    },
    "sid": "364866c7-95a6-4d74-8c35-68452448e1d0"
  }
}