{
  "header": {
    "version": 3,
    "description": "Karaoke Mugen Series File"
  },
  "series": {
    "name": "Arabian Nights: Sindbad no Bôken",
    "aliases": [
      "Arabian Nights: Sindbad no Bouken",
      "Arabian Nights: Sinbad's Adventures",
      "Przygody Sindbada Żeglarza",
      "The Arabian Nights: Adventures of Sinbad"
    ],
    "i18n": {
      "jpn": "アラビアンナイト シンドバットの冒険",
      "eng": "Sindbad the Sailor",
      "pol": "Przygody Sindbada",
      "fre": "Sinbad le marin",
      "ger": "Sindbad",
      "ara": "مغامرات سندباد",
      "ita": "Shirab il ragazzo di Bagdad",
      "por": "Simbad",
      "tur": "Sinbad",
      "dut": "Sinbad de Zeeman",
      "hun": "Szindbád",
      "gre": "Σεβάχ ο Θαλασσινός",
      "per": "ماجراهای سندباد"
    },
    "sid": "d72be18d-8546-4276-b4a7-8e54db7dde7e"
  }
}