{
  "header": {
    "version": 3,
    "description": "Karaoke Mugen Series File"
  },
  "series": {
    "name": "Arad Senki: Slap Up Party",
    "aliases": [
      "Slap Up Party: Arad Senki",
      "アラド戦記~スラップアップパーティー~",
      "地下城与勇士 -阿拉德战记"
    ],
    "i18n": {
      "jpn": " スラップアップパーティ -アラド戦記-  ",
      "eng": "Arad Senki: Slap Up Party"
    },
    "sid": "a521af21-c32f-4fde-afb6-cbe032b30e51"
  }
}