{
  "header": {
    "version": 3,
    "description": "Karaoke Mugen Series File"
  },
  "series": {
    "name": "Arakawa Under the Bridge",
    "aliases": [
      "Arakava Po Tiltu",
      "Arakawa",
      "AUtB",
      "Под моста на Аракава",
      "荒川爆笑团"
    ],
    "i18n": {
      "jpn": "荒川アンダーザブリッジ",
      "eng": "Arakawa Under the Bridge",
      "chi": "荒川爆笑團"
    },
    "sid": "d8408c3e-34a1-417d-9be9-7eda946d2b31"
  }
}