{
  "header": {
    "version": 3,
    "description": "Karaoke Mugen Series File"
  },
  "series": {
    "name": "Arakawa Under the Bridge x Bridge",
    "aliases": [
      "Arakawa2",
      "AUtB2",
      "Arakawa Under the Bridge 2",
      "荒川爆笑团2",
      "Под моста на Аракава 2"
    ],
    "i18n": {
      "jpn": "荒川アンダーザブリッジ*2",
      "eng": "Arakawa Under the Bridge × Bridge"
    },
    "sid": "f6fc1f62-b28e-4e04-ac1e-810b2a4dd974"
  }
}