{
  "header": {
    "version": 3,
    "description": "Karaoke Mugen Series File"
  },
  "series": {
    "name": "Arcana Famiglia: La Storia della Arcana Famiglia",
    "aliases": [
      "famiglia",
      "The Story of the Arcana Family"
    ],
    "i18n": {
      "jpn": "アルカナ・ファミリア La storia della Arcana Famiglia",
      "ger": "Arcana Famiglia: La storia della Arcana Famiglia",
      "eng": "La Storia della Arcana Famiglia"
    },
    "sid": "71ce1507-317e-4ae9-a16e-283ebd2513a8"
  }
}