{
  "header": {
    "version": 3,
    "description": "Karaoke Mugen Series File"
  },
  "series": {
    "name": "Arcana Famiglia -Vascello Phantasma no Majutsushi-",
    "aliases": [
      "Vascello Fantasma ~Speciale Episodio~",
      "アルカナ・ファミリア -幽霊船（ヴァスチェロ・ファンタズマ）の魔術師-",
      "Yuureisen no Majutsushi"
    ],
    "i18n": {
      "jpn": "アルカナ・ファミリア -幽霊船の魔術師-",
      "eng": "Arcana Famiglia -Vascello Phantasma no Majutsushi-"
    },
    "sid": "e6f00d3e-bcb0-4433-acdd-c473b9a565aa"
  }
}