{
  "header": {
    "version": 3,
    "description": "Karaoke Mugen Series File"
  },
  "series": {
    "name": "Area no Kishi",
    "aliases": [
      "erikishi",
      "エリ騎士",
      "禁区骑士"
    ],
    "i18n": {
      "jpn": "エリアの騎士 THE KNIGHT in THE AREA",
      "eng": "The Knight in the Area",
      "por": "Football Dream: The Knight in the Area",
      "per": "شوالیه محوطه جریمه"
    },
    "sid": "2ee6494e-4db7-4c86-b8b8-a9de87f49f5f"
  }
}