{
  "header": {
    "version": 3,
    "description": "Karaoke Mugen Series File"
  },
  "series": {
    "name": "Aria the Origination",
    "aliases": [
      "Aria4",
      "Ария: Оригиналът",
      "アリア The ORIGINATION",
      "水星领航员 第3季 ~ The ORIGINATION"
    ],
    "i18n": {
      "jpn": "ARIA The ORIGINATION",
      "fre": "Aria the Origination",
      "eng": "Aria the Origination",
      "chi": "ARIA The ORIGINATION",
      "ita": "Aria the Origination",
      "kor": "아리아 디 오리지네이션"
    },
    "sid": "1905134a-8b96-485f-a9ed-d939c28537f3"
  }
}