{
  "header": {
    "version": 3,
    "description": "Karaoke Mugen Series File"
  },
  "series": {
    "name": "Aria the Animation",
    "aliases": [
      "Aria",
      "Ария (первый сезон)",
      "Ария: Анимацията",
      "アリア The ANIMATION",
      "水星领航员"
    ],
    "i18n": {
      "jpn": "ARIA The ANIMATION",
      "ita": "Aria the Animation",
      "eng": "Aria the Animation",
      "chi": "ARIA The ANIMATION"
    },
    "sid": "08668ee7-1449-4751-aad2-9d57fbae39f2"
  }
}