{
  "header": {
    "version": 3,
    "description": "Karaoke Mugen Series File"
  },
  "series": {
    "name": "Around The World In Eighty Dreams",
    "aliases": [
      "Au Pays de Carlos"
    ],
    "i18n": {
      "eng": "Around The World In Eighty Dreams",
      "fre": "Les Aventures de Carlos",
      "heb": "מסביב לעולם ב-80 חלומות",
      "ita": "80 sogni per viaggiare",
      "pol": "W 80 marzeń dookoła świata"
    },
    "sid": "160c811f-e04e-4c83-80b6-8b866550116a"
  }
}