{
  "header": {
    "version": 3,
    "description": "Karaoke Mugen Series File"
  },
  "series": {
    "name": "Arrow Emblem Grand Prix no Taka",
    "aliases": [
      "Arrow Emblem: Hawk of the Grand Prix",
      "Super Grand Prix"
    ],
    "i18n": {
      "jpn": "アローエンブレム グランプリの鷹",
      "eng": "Super Grand Prix",
      "pol": "Grand Prix",
      "fre": "Grand Prix",
      "fin": "Grand Prix",
      "hun": "Grand Prix",
      "ita": "Grand Prix e il campionissimo",
      "gre": "Το Ράλλυ του Μόντε Κάρλο",
      "ara": "الجائزة الكبرى"
    },
    "sid": "e1ca6a8d-9be3-4654-b7d0-a7e9d17d3fc6"
  }
}