{
  "header": {
    "version": 3,
    "description": "Karaoke Mugen Series File"
  },
  "series": {
    "name": "Arslan Senki: Fûjin Ranbu",
    "aliases": [
      "Arslan Senki Fuujin Ranbu",
      "Les chroniques d'Arslân : Le ballet de la tempête de sable",
      "Arslan Senki Fûjin Ranbu",
      "Arslan Senki: Fuujin Ranbu"
    ],
    "i18n": {
      "jpn": "アルスラーン戦記 THE HEROIC LEGEND OF ARSLAN 風塵乱舞",
      "eng": "The Heroic Legend of Arslan: Dust Storm Dance",
      "fre": "The Heroic Legend of Arslân : Le ballet de la tempête de sable"
    },
    "sid": "967cdd70-2081-4075-9bf5-4e8d88981236"
  }
}