{
  "header": {
    "version": 3,
    "description": "Karaoke Mugen Series File"
  },
  "series": {
    "name": "Arslan Senki",
    "aliases": [
      "Arislan",
      "Arslan",
      "Arslan Senki OVA",
      "arusen",
      "The Heroic Legend of Arislan - Age of Heroes",
      "The Heroic Legend of Arslan - Age of Heroes",
      "Героичната легенда за Арислан - Ерата на героите",
      "حماسه ارسلان",
      "アル戦"
    ],
    "i18n": {
      "jpn": "アルスラーン戦記",
      "eng": "The Heroic Legend of Arslan",
      "fre": "Les chroniques d'Arslân",
      "spa": "La Heroica Leyenda de Arslan",
      "ita": "La leggenda di Arslan",
      "gre": "Ο Ηρωικός Πρίγκιπας Arslan",
      "per": "افسانه ارسلان، شاهزاده پارس",
      "ara": "بطولات الأسطورة أرسلان"
    },
    "sid": "dca96d6b-23b3-48e1-8329-e17114803896"
  }
}