{
  "header": {
    "version": 3,
    "description": "Karaoke Mugen Series File"
  },
  "series": {
    "name": "Ashita no Nadja",
    "aliases": [
      "Nádia",
      "Nadja",
      "Nadja of Tomorrow",
      "Tomorrow's Nadja",
      "نادجا الغد",
      "明日的娜嘉"
    ],
    "i18n": {
      "jpn": "明日のナージャ",
      "eng": "Tomorrow's Nadja",
      "fre": "Nadja Applefields",
      "por": "Nadja Apple Fields",
      "ita": "Nadja Applefield",
      "spa": "Nadja del mañana"
    },
    "sid": "c5a88a6f-51b9-4451-b014-425ded17e837"
  }
}