{
  "header": {
    "version": 3,
    "description": "Karaoke Mugen Series File"
  },
  "series": {
    "name": "Ashita e Free Kick",
    "aliases": [
      "Forza campioni",
      "Free Kick Toward Tomorrow",
      "Kick For the Tomorrow"
    ],
    "i18n": {
      "jpn": "あしたへ フリーキック",
      "eng": "Ashita e Free Kick",
      "fre": "Graine de champion",
      "gre": "Σαν",
      "ara": "الضربة الصاعقة"
    },
    "sid": "69b7315e-e830-4ff6-93ed-875080439042"
  }
}