{
  "header": {
    "version": 3,
    "description": "Karaoke Mugen Series File"
  },
  "series": {
    "name": "Asobi ni Iku yo!",
    "aliases": [
      "Asobi ni Ikuyo",
      "Asobi ni Ikuyo: Bombshells from the Sky",
      "asoiku",
      "Let's Go Play!",
      "Wir kommen um Spaß zu haben!",
      "Давай играть!",
      "あそいく",
      "玩伴猫耳娘"
    ],
    "i18n": {
      "jpn": "あそびにいくヨ!",
      "eng": "Cat Planet Cuties",
      "fre": "Asobi ni Ikuyo!",
      "chi": "玩伴貓耳娘"
    },
    "sid": "efeb5844-4c03-448b-9fc3-63be3d2c1eb9"
  }
}