{
  "header": {
    "version": 3,
    "description": "Karaoke Mugen Series File"
  },
  "series": {
    "name": "Astarotte no Omocha!",
    "aliases": [
      "Lotte no Omocha",
      "Astarotte Toy",
      "Lotte no Omocha!",
      "Lotte's Toy",
      "Играчката на Астароте"
    ],
    "i18n": {
      "jpn": "アスタロッテのおもちゃ!",
      "eng": "Astarotte's Toy",
      "fre": "Astarotte no Omocha!"
    },
    "sid": "bdc00993-1e3d-4094-8914-b42e4131583b"
  }
}