{
  "header": {
    "version": 3,
    "description": "Karaoke Mugen Series File"
  },
  "series": {
    "name": "Astérix et Cléopâtre",
    "i18n": {
      "fre": "Astérix et Cléopâtre",
      "ara": "أستريكس و كليوباترا",
      "ger": "Asterix und Kleopatra",
      "eng": "Asterix and Cleopatra",
      "spa": "Astérix y Cleopatra",
      "ita": "Asterix e Cleopatra",
      "dut": "Asterix en Cleopatra",
      "rus": "Астерикс и Клеопатра"
    },
    "sid": "fe09458a-3611-49a6-b18d-5c545eea8842"
  }
}