{
  "header": {
    "version": 3,
    "description": "Karaoke Mugen Series File"
  },
  "series": {
    "name": "Astérix et la surprise de César",
    "i18n": {
      "fre": "Astérix et la surprise de César",
      "swe": "Asterix – gallernas hjälte",
      "ger": "Asterix – Sieg über Cäsar",
      "eng": "Asterix Versus Caesar",
      "spa": "Astérix y la sorpresa del César",
      "ita": "Asterix contro Cesare",
      "dut": "Asterix contra Caesar",
      "rus": "Астерикс против Цезаря"
    },
    "sid": "b55da8a8-7421-410d-ba6c-132ccaf5cc17"
  }
}