{
  "header": {
    "version": 3,
    "description": "Karaoke Mugen Series File"
  },
  "series": {
    "name": "Asu no Yoichi!",
    "aliases": [
      "Ashita no Yoichi",
      "AnY",
      "Ashita no Yoichi!",
      "Asu no Yoichi",
      "Rytojaus Yoichis",
      "Yoichi",
      "Yoichi of Tomorrow",
      "Ёити завтра",
      "明日的与一!"
    ],
    "i18n": {
      "jpn": "明日のよいち!",
      "eng": "Samurai Harem",
      "fre": "High School Samurai"
    },
    "sid": "a054e3bd-18a0-45c4-b023-2985150b6e9b"
  }
}