{
  "header": {
    "version": 3,
    "description": "Karaoke Mugen Series File"
  },
  "series": {
    "name": "Attack of the Otaku",
    "aliases": [
      "Suzumiya Haruhi no Yûutsu",
      "Suzumiya Haruhi no Yuuutsu",
      "Lucky☆Star",
      "Lucky Star",
      "Ôran Kôkô Host Club",
      "Host Club Le lycée de la séduction",
      "OHSHC",
      "Ouran High School Host Club",
      "Ouran Koukou Host Club"
    ],
    "i18n": {
      "eng": "Attack of the Otaku"
    },
    "sid": "6019bef9-cb0e-4077-9de0-e26e6471ddb0"
  }
}