{
  "header": {
    "version": 3,
    "description": "Karaoke Mugen Series File"
  },
  "series": {
    "name": "Attacker YOU!",
    "aliases": [
      "Attacker Yuu!",
      "Mila e Shiro",
      "アタッカー・ユウ!",
      "アタッカーユウ!"
    ],
    "i18n": {
      "jpn": "アタッカーYOU!",
      "fre": "Jeanne et Serge",
      "spa": "Dos Fuera de Serie, Juana y Sergio",
      "por": "Joana e Sérgio: O Desafio dos Anjos",
      "ita": "Mila e Shiro, due cuori nella pallavolo",
      "pol": "Pojedynek aniołów"
    },
    "sid": "fdac2379-9256-4a1c-ac8f-a7c46aec01f7"
  }
}