{
  "header": {
    "version": 3,
    "description": "Karaoke Mugen Series File"
  },
  "series": {
    "name": "Ayashi no Ceres",
    "aliases": [
      "anc",
      "Ceres",
      "Ceres Celestial Legend",
      "Ceres'in Kutsal Efsanesi",
      "Mysterious Ceres",
      "Unearthly Ceres",
      "Подозрительная Церера",
      "梦幻妖子"
    ],
    "i18n": {
      "jpn": "妖しのセレス",
      "eng": "Ceres: Celestial Legend",
      "fre": "Ayashi no Ceres",
      "ita": "Ayashi no Ceres",
      "spa": "Ceres, La Leyenda Celestial"
    },
    "sid": "b7189146-2c97-4327-8758-e1659a67189c"
  }
}