{
  "header": {
    "version": 3,
    "description": "Karaoke Mugen Series File"
  },
  "series": {
    "name": "Azumanga Daiô The Animation (2002)",
    "aliases": [
      "Azumanga Daioh",
      "AD",
      "AZ Manga King",
      "azu",
      "AzuDai",
      "Azudai TV",
      "Azumanga",
      "Адзуманга",
      "Адзуманга Дайо",
      "Азуманґа",
      "Азуманґа даійо",
      "Азуманга Дайо: Анимацията (2002)",
      "أزومانجا دايوه",
      "阿滋漫画大王"
    ],
    "i18n": {
      "jpn": "あずまんが大王 THE ANIMATION (2002)",
      "fre": "Azumanga Daioh",
      "eng": "Azumanga Daioh",
      "ger": "Azumanga Daioh: The Animation",
      "vie": "Nữ Sinh Trung Học",
      "tha": "อสึมังกะ โรงเรียนป่วน นักเรียนเป๋อ",
      "kor": "아즈망가 대왕"
    },
    "sid": "646540b7-0a90-4524-a99d-3e933d95fd0a"
  }
}