{
  "header": {
    "version": 3,
    "description": "Karaoke Mugen Series File"
  },
  "series": {
    "name": "B Gata H Kei",
    "aliases": [
      "B-cup H-group",
      "B-Gata H-Kei",
      "B-Type H-Group",
      "B-type H-persona",
      "B-Type H-Style",
      "B-группа H-персона",
      "BGata",
      "BGHK",
      "B型H系",
      "Второй размер интим предлагать"
    ],
    "i18n": {
      "jpn": "B型H系",
      "fre": "Yamada : Ma première fois",
      "eng": "B Gata H Kei: Yamada's First Time",
      "chi": "B型H系"
    },
    "sid": "0271c696-fea0-4540-80a2-767741151f07"
  }
}