{
  "header": {
    "version": 3,
    "description": "Karaoke Mugen Series File"
  },
  "series": {
    "name": "Baccano!",
    "aliases": [
      "baccano",
      "Baccano!",
      "Murder Train",
      "Баккано!",
      "Рейвах!",
      "Шумиха!",
      "Шумотевица!",
      "باكانو"
    ],
    "i18n": {
      "jpn": "バッカーノ!",
      "pol": "Baccano!",
      "eng": "Baccano!"
    },
    "sid": "f41e4a61-784b-46b0-b569-12d33a1bfc04"
  }
}