{
  "header": {
    "version": 3,
    "description": "Karaoke Mugen Series File"
  },
  "series": {
    "name": "Bakemonogatari",
    "aliases": [
      "Monogatari Series",
      "bakemono",
      "BMG",
      "Ghostory",
      "Monstrų Istorijos",
      "Бакемоноґатарі",
      "Истории за Чудовището",
      "Истории о Чудовищах",
      "Монстрассказы",
      "Монстроповідання",
      "Оповідання про монстрів",
      "Потвороповідь",
      "باکمونوگاتاری",
      "داستان از ما بهتران",
      "บาเกะโมโนกาตาริ",
      "化物語"
    ],
    "i18n": {
      "jpn": "化物語",
      "eng": "Bakemonogatari",
      "fre": "Bakemonogatari",
      "tur": "Canavar Hikayeleri",
      "tha": "ปกรณัมของเหล่าภูต",
      "kor": "괴물 이야기",
      "chi": "化物语"
    },
    "sid": "115d19ee-c8c9-4b8a-a401-edc09bcd612a"
  }
}