{
  "header": {
    "version": 3,
    "description": "Karaoke Mugen Series File"
  },
  "series": {
    "name": "Bakuretsu Tenshi",
    "aliases": [
      "Anjo Explosivo",
      "BakuTen",
      "BT",
      "Exploding Angel",
      "Explosive Angel",
      "Взрывной ангел"
    ],
    "i18n": {
      "jpn": "爆裂天使",
      "eng": "Burst Angel",
      "fre": "Burst Angel",
      "ger": "Burst Angel",
      "ita": "Burst Angel",
      "por": "Burst Angel",
      "spa": "Burst Angel",
      "rus": "Ангелы Смерти",
      "tha": "เทพธิดามหาประลัย"
    },
    "sid": "819b07db-b3d7-41c7-b9b4-a875bb66cf74"
  }
}