{
  "header": {
    "version": 3,
    "description": "Karaoke Mugen Series File"
  },
  "series": {
    "name": "Bakumatsu Kikansetsu Irohanihoheto",
    "aliases": [
      "bki",
      "Iroha",
      "Борба за власт по времето на Бакумацу: Никой не е вечен",
      "Борьба за власть времён бакумацу - никто не вечен",
      "いろは",
      "幕末机关说·伊吕波歌"
    ],
    "i18n": {
      "jpn": "幕末機関説 いろはにほへと",
      "eng": "Intrigue in the Bakumatsu: Irohanihoheto",
      "fre": "Bakumatsu Kikansetsu Irohanihoheto",
      "kor": "막말기관설 이로하니 호헤토"
    },
    "sid": "151eeec4-c778-49e5-ba83-78eebd292e8d"
  }
}