{
  "header": {
    "version": 3,
    "description": "Karaoke Mugen Series File"
  },
  "series": {
    "name": "Bakuten Shoot Beyblade",
    "aliases": [
      "Beyblade",
      "Beyblade - latające dyski"
    ],
    "i18n": {
      "jpn": "爆転シュート ベイブレード",
      "eng": "Beyblade",
      "fre": "Beyblade",
      "lit": "Beibleidai",
      "ger": "Beyblade",
      "por": "Beyblade",
      "pol": "Beyblade",
      "dan": "Beyblade",
      "glg": "Beyblade",
      "fin": "Beyblade",
      "ita": "Beyblade",
      "hun": "Beyblade",
      "cze": "Beyblade",
      "tur": "Beyblade",
      "dut": "BeyBlade",
      "bul": "БейБлейд",
      "rus": "Бейблэйд",
      "heb": "בייבלייד",
      "ara": "بي بليد",
      "tha": "เบย์เบลด ศึกลูกข่างสะท้านฟ้า"
    },
    "sid": "942064a2-12db-4ada-955e-3934d45fe9a8"
  }
}