{
  "header": {
    "version": 3,
    "description": "Karaoke Mugen Series File"
  },
  "series": {
    "name": "Bamboo Blade",
    "aliases": [
      "Kiếm tre",
      "Бамбуковий клинок",
      "Бамбуковое лезвие",
      "Меч от бамбук",
      "להב מבמבוק",
      "竹剑少女"
    ],
    "i18n": {
      "jpn": "バンブーブレード",
      "eng": "Bamboo Blade",
      "slo": "Bambusová čepeľ"
    },
    "sid": "cdafaca7-189d-4c6d-bce8-765f8aedbfb0"
  }
}