{
  "header": {
    "version": 3,
    "description": "Karaoke Mugen Series File"
  },
  "series": {
    "name": "BanG Dream! Garupa☆Pico",
    "aliases": [
      "BanG Dream! Garupa Pico",
      "BanG Dream! Girls Band Party!☆PICO ",
      "BanG Dream! Girls Band Party! PICO ",
      "Bandori Garupa Pico"
    ],
    "i18n": {
      "jpn": "BanG Dream! ガルパ☆ピコ",
      "eng": "BanG Dream! Garupa☆Pico"
    },
    "sid": "9a5e1da0-e9fd-4d18-b61d-5eb8c4c38867"
  }
}