{
  "header": {
    "version": 3,
    "description": "Karaoke Mugen Series File"
  },
  "series": {
    "name": "Barbie: A Fashion Fairytale",
    "aliases": [
      "Barbie: Moda e Magia"
    ],
    "i18n": {
      "eng": "Barbie: A Fashion Fairytale",
      "fre": "Barbie et la Magie de la mode",
      "ger": "Barbie – Modezauber in Paris",
      "spa": "Barbie: moda mágica en París",
      "hun": "Barbie: Tündérmese a divatról",
      "ita": "Barbie - La magia della moda",
      "kor": "바비의 패션 이야기",
      "pol": "Barbie w świecie mody",
      "por": "Barbie: A Magia da Moda",
      "tha": "บาร์บี้ เทพธิดาแฟชั่น"
    },
    "sid": "89b21670-85bf-4454-93d2-e2c5e6cd124e"
  }
}