{
  "header": {
    "version": 3,
    "description": "Karaoke Mugen Series File"
  },
  "series": {
    "name": "Barbapapa",
    "aliases": [
      "おばけのバーバパパ"
    ],
    "i18n": {
      "fre": "Barbapapa",
      "hun": "Barbacsalád",
      "swe": "Barbapapa",
      "ger": "Barbapapa",
      "fin": "Barbapapa",
      "dan": "Barbapapa",
      "dut": "Barbapapa",
      "ita": "Barbapapà",
      "ara": "باربار الشاطر",
      "jpn": "バーバパパ"
    },
    "sid": "06da604e-dd4c-41ef-b206-96d38cf0dc9d"
  }
}