{
  "header": {
    "version": 3,
    "description": "Karaoke Mugen Series File"
  },
  "series": {
    "name": "Basilisk: Kôga Ninpô Chô",
    "aliases": [
      "Basilisk: Kouga Ninpou Chou",
      "Basilisk: Super-Refined Ninja Arts",
      "Basilisk: The Kouga Ninja Scrolls",
      "Базилиск: Нинджа свитъкът на Кога",
      "Базіліск"
    ],
    "i18n": {
      "jpn": "バジリスク 甲賀忍法帖",
      "por": "Basilisk - O Pergaminho Secreto do Ninja Kouga",
      "fin": "Basilisk",
      "eng": "Basilisk",
      "fre": "Basilisk",
      "spa": "Basilisk",
      "ger": "Basilisk: Chronik der Koga-Ninja",
      "rus": "Василиск",
      "ara": "شينوبي",
      "kor": "바실리스크 코우가 인법첩"
    },
    "sid": "983a813c-9b93-4dbe-9271-a9ab69a4c5c1"
  }
}