{
  "header": {
    "version": 3,
    "description": "Karaoke Mugen Series File"
  },
  "series": {
    "name": "Batman",
    "aliases": [
      "batman",
      "باتمان",
      "Бэтмен",
      "Батман",
      "バットマン",
      "배트맨",
      "באטמן"
    ],
    "i18n": {
      "eng": "Batman",
      "fre": "Batman",
      "spa": "Batman",
      "ger": "Batman",
      "ara": "باتمان",
      "rus": "Бэтмен",
      "bul": "Батман",
      "jpn": "バットマン",
      "kor": "배트맨",
      "heb": "באטמן"
    },
    "sid": "e9977b9b-fee7-4c75-80c5-f01421afa91d"
  }
}