{
  "header": {
    "version": 3,
    "description": "Karaoke Mugen Series File"
  },
  "series": {
    "name": "Binan Kôkô Chikyû Bôei Bu LOVE!",
    "aliases": [
      "Binan Koukou Chikyuu Bouei Bu LOVE!",
      "Binan Koukou Chikyuu Bouei-bu Love!",
      "Binan Koukou Chikyuu Boueibu Love!",
      "boueibu"
    ],
    "i18n": {
      "jpn": "美男高校地球防衛部LOVE!",
      "eng": "Cute High Earth Defense Club Love!",
      "fre": "Binan Kôkô Chikyû Bôei Bu LOVE!"
    },
    "sid": "6a87d411-171c-42f7-ac48-475fa4ec5bba"
  }
}