{
  "header": {
    "version": 3,
    "description": "Karaoke Mugen Series File"
  },
  "series": {
    "name": "Bishôjo Senshi Sailor Moon Crystal Season III",
    "aliases": [
      "Sailor Moon Crystal 3",
      "Bishoujo Senshi Sailor Moon Crystal: Death Busters-hen",
      "Sailor Moon Crystal Season III",
      "美少女戦士セーラームーンCrystal 第3期",
      "Bishoujo Senshi Sailor Moon Crystal Season III"
    ],
    "i18n": {
      "jpn": "美少女戦士セーラームーン Crystal Season III",
      "eng": "Sailor Moon Crystal Season 3"
    },
    "sid": "e7d223df-6cdb-4cdd-8260-f4d0a8a53fde"
  }
}