{
  "header": {
    "version": 3,
    "description": "Karaoke Mugen Series File"
  },
  "series": {
    "name": "Bishôjo Senshi Sailor Moon Crystal",
    "aliases": [
      "Bishoujo Senshi Sailor Moon Crystal",
      "Bishoujo Senshi Sailor Moon Crystal Season I",
      "Bishoujo Senshi Sailor Moon Crystal Season II",
      "Pretty Guardian Sailor Moon: Crystal",
      "Pretty Soldier Sailor Moon (2014)",
      "Sailor Moon Crystal",
      "Sailor Moon Remake",
      "Pretty Guardian Sailor Moon Crystal",
      "Pretty Soldier Sailor Moon Crystal",
      "sm2014",
      "SMC",
      "Красавица-воин Сейлор Мун: Кристалл",
      "Красивата пазителка Сейлър Муун: Кристал",
      "Прекрасная воительница Сейлор Мун: Кристалл",
      "美少女戦士セーラームーン Crystal Season I",
      "美少女戦士セーラームーン Crystal Season II",
      "美少女戦士セーラームーン クリスタル",
      "美少女戦士セーラームーンCrystal 第1期",
      "美少女戦士セーラームーンCrystal 第2期"
    ],
    "i18n": {
      "jpn": "美少女戦士セーラームーン Crystal",
      "eng": "Sailor Moon Crystal",
      "fre": "Sailor Moon Crystal",
      "spa": "Sailor Moon Crystal",
      "por": "Sailor Moon Crystal"
    },
    "sid": "edcddb04-fdc9-4410-8804-cc6dd36a5c2f"
  }
}