{
  "header": {
    "version": 3,
    "description": "Karaoke Mugen Series File"
  },
  "series": {
    "name": "Bishôjo Senshi Sailor Moon Super S: Shin Shuyaku Soudatsusen",
    "aliases": [
      "Bishoujo Senshi Sailor Moon Super S: Various Emotion",
      "Bishoujo Senshi Sailor Moon Super S: Shin Shuyaku Soudatsusen"
    ],
    "i18n": {
      "jpn": "美少女戦士セーラームーン SuperS:真・主役争奪戦",
      "eng": "Bishôjo Senshi Sailor Moon Super S: Shin Shuyaku Soudatsusen"
    },
    "sid": "d8d2ff6c-c5b3-4092-9b13-8c6721ee7ac5"
  }
}