{
  "header": {
    "version": 3,
    "description": "Karaoke Mugen Series File"
  },
  "series": {
    "name": "Bishôjo Senshi Sailor Moon",
    "aliases": [
      "Bishoujo Senshi Sailor Moon",
      "bssm",
      "Pretty Soldier Sailor Moon",
      "Sailor Moon",
      "Sailor Moon Classic",
      "Sailor Moon: As Navegantes da Lua",
      "Sailor Moon: Das Mädchen mit den Zauberkräften",
      "Sailormoon",
      "SailorMoon",
      "pgsm",
      "pssm",
      "Pretty Guardian Sailor Moon",
      "Pretty Soldier Sailor Moon",
      "Sailormoon: Het meisje met de macht van de maannevel",
      "SM",
      "sm1",
      "Красавица-воин Сейлор Мун",
      "بحار القمر",
      "جنگنده زیبا، سیلرمون",
      "미소녀 전사 세일러문",
      "세일러문"
    ],
    "i18n": {
      "jpn": "美少女戦士セーラームーン",
      "eng": "Sailor Moon",
      "fre": "Sailor Moon",
      "por": "Sailor Moon",
      "tur": "Ay Savaşçısı",
      "pol": "Czarodziejka z Księżyca",
      "lit": "Mėnulio Jūreivės",
      "hrv": "Mjesečeva ratnica",
      "spa": "Sailor Moon",
      "dan": "Sailor Moon",
      "fin": "Sailor Moon",
      "glg": "Sailor Moon",
      "cat": "Sailor Moon",
      "swe": "Sailor Moon",
      "ger": "Sailor Moon",
      "ita": "Sailor Moon",
      "rum": "Sailor Moon",
      "dut": "Sailor Moon: Het meisje met de macht van de maannevel",
      "hun": "Varázslatos álmok",
      "rus": "Сейлормун: луна в матроске",
      "bul": "Сейлър Муун",
      "heb": "סיילור מון",
      "tha": "เซเลอร์มูน",
      "kor": "달의 요정 세일러문",
      "chi": "美少女战士"
    },
    "sid": "c854f2ad-cc94-45b5-b7ba-993eeb9b2d31"
  }
}