{
  "header": {
    "version": 3,
    "description": "Karaoke Mugen Series File"
  },
  "series": {
    "name": "Bishôjo Senshi Sailor Moon S",
    "aliases": [
      "Bishoujo Senshi Sailor Moon S",
      "Bishoujo Senshi Sailormoon Super",
      "Pretty Soldier Sailor Moon S",
      "Pretty Guardian Sailor Moon S",
      "SM S",
      "sms"
    ],
    "i18n": {
      "jpn": "美少女戦士セーラームーン S",
      "eng": "Sailor Moon S",
      "fre": "Sailor Moon S",
      "por": "Sailor Moon S",
      "pol": "Czarodziejka z Księżyca: Sailor Moon S",
      "ita": "Sailor Moon e il Cristallo del Cuore",
      "rum": "Sailor Moon S",
      "spa": "Sailor Moon S",
      "ger": "Sailor Moon S",
      "hun": "Varázslatos álmok S",
      "rus": "Сейлормун - супервоин",
      "tha": "เซเลอร์มูน S",
      "chi": "美少女战士S"
    },
    "sid": "452ab99e-34b8-4872-b0e4-c8ca3404079d"
  }
}