{
  "header": {
    "version": 3,
    "description": "Karaoke Mugen Series File"
  },
  "series": {
    "name": "Bishôjo Senshi Sailor Moon R",
    "aliases": [
      "Bishoujo Senshi Sailor Moon R",
      "Pretty Soldier Sailor Moon R",
      "Pretty Guardian Sailor Moon R",
      "SM R"
    ],
    "i18n": {
      "jpn": "美少女戦士セーラームーン R",
      "eng": "Sailor Moon R",
      "fre": "Sailor Moon R",
      "por": "Sailor Moon R",
      "pol": "Czarodziejka z Księżyca R",
      "spa": "Sailor Moon R",
      "ger": "Sailor Moon R",
      "rum": "Sailor Moon R",
      "ita": "Sailor Moon, la Luna splende",
      "hun": "Varázslatos álmok R",
      "rus": "Сейлормун снова с нами",
      "tha": "เซเลอร์มูน R",
      "chi": "美少女战士R"
    },
    "sid": "d8498eba-7290-4931-bb46-cab41aca3a82"
  }
}