{
  "header": {
    "version": 3,
    "description": "Karaoke Mugen Series File"
  },
  "series": {
    "name": "Bishôjo Senshi Sailor Moon Super S",
    "aliases": [
      "Bishoujo Senshi Sailor Moon Super S",
      "Pretty Soldier Sailor Moon Super S",
      "Pretty Guardian Sailor Moon Super S",
      "SM SS",
      "SMSS"
    ],
    "i18n": {
      "jpn": "美少女戦士セーラームーンSuperS",
      "eng": "Sailor Moon Super S",
      "fre": "Sailor Moon Super S",
      "por": "Sailor Moon SuperS",
      "pol": "Czarodziejka z Księżyca: Sailor Moon Super S",
      "ita": "Sailor Moon e il mistero dei sogni",
      "rum": "Sailor Moon Super S",
      "spa": "Sailor Moon Super S",
      "ger": "Sailor Moon Super S",
      "hun": "Varázslatos Álmok Super S",
      "rus": "Сейлормун",
      "tha": "เซเลอร์มูน SuperS"
    },
    "sid": "69922106-fe4f-4345-a905-aeec201e5cd7"
  }
}