{
  "header": {
    "version": 3,
    "description": "Karaoke Mugen Series File"
  },
  "series": {
    "name": "Bishôjo Senshi Sailor Moon Sailor Stars",
    "aliases": [
      "Bishoujo Senshi Sailor Moon Stars",
      "Pretty Guardian Sailor Moon",
      "Pretty Soldier Sailor Moon",
      "Sailor Stars"
    ],
    "i18n": {
      "jpn": "美少女戦士セーラームーン セーラースターズ",
      "eng": "Sailor Moon Sailor Stars",
      "fre": "Sailor Moon Sailor Stars",
      "por": "Sailor Moon Sailor Stars",
      "pol": "Czarodziejka z Księżyca: Sailor Moon Sailor Stars",
      "ita": "Petali di stelle per Sailor Moon",
      "rum": "Sailor Moon Sailor Stars",
      "ger": "Sailor Moon Sailor Stars",
      "spa": "Sailor Moon Sailor Stars",
      "ukr": "Сейлор Мун",
      "tha": "เซเลอร์มูน เซเลอร์สตาร์ส"
    },
    "sid": "606a0d74-6d1f-47a2-b0b8-0c8054908066"
  }
}