{
  "header": {
    "version": 3,
    "description": "Karaoke Mugen Series File"
  },
  "series": {
    "name": "Black Jack (2004)",
    "aliases": [
      "BJ 04",
      "bjtv",
      "Black Jack TV",
      "Блек Джак (2004)"
    ],
    "i18n": {
      "jpn": "ブラックジャック (2004)",
      "por": "Black Jack",
      "eng": "Black Jack",
      "tha": "แบล็คแจ็คหมอปีศาจ",
      "chi": "怪醫黑傑克"
    },
    "sid": "fc5e1851-663b-4ce4-a2ef-cc5259f74aa5"
  }
}