{
  "header": {
    "version": 3,
    "description": "Karaoke Mugen Series File"
  },
  "series": {
    "name": "Black Cat",
    "aliases": [
      "BC",
      "Gato Negro",
      "Gato Preto",
      "Kara Kedi",
      "Pisica Neagră",
      "Zwarte Kat",
      "Черна Котка",
      "Чёрный Кот",
      "黑猫"
    ],
    "i18n": {
      "jpn": "ブラックキャット",
      "eng": "Black Cat",
      "ger": "Black Cat",
      "ara": "Black Cat",
      "fre": "Black Cat",
      "por": "Black Cat",
      "tha": "แบล็คแคท"
    },
    "sid": "5cb8e9fc-334f-4a27-9b32-eefed4797279"
  }
}