{
  "header": {
    "version": 3,
    "description": "Karaoke Mugen Series File"
  },
  "series": {
    "name": "Black★Rock Shooter",
    "aliases": [
      "BRS",
      "B★RS",
      "BLACK★ROCK SHOOTER",
      "brs",
      "Juodoji Roko Šaulė",
      "Стрелок с Чёрной скалы",
      "Стрілець з Чорної Скелі",
      "Чорний Кам'яний Стрілець",
      "brstv"
    ],
    "i18n": {
      "jpn": "ブラック★ロックシューター (2012)",
      "ger": "Black★Rock Shooter",
      "eng": "Black★Rock Shooter"
    },
    "sid": "19f34f2a-7fdc-4e04-acc7-f521f64ccc2f"
  }
}