{
  "header": {
    "version": 3,
    "description": "Karaoke Mugen Series File"
  },
  "series": {
    "name": "Black Lagoon: Roberta's Blood Trail",
    "aliases": [
      "Black Lagoon S3",
      "BL3",
      "Black Lagoon 3",
      "Black Lagoon OVA",
      "Juodoji Lagūna: Kruvinas Robertos Kelias",
      "Черната Лагуна: Кървавият път на Роберта",
      "مرداب سیاه: رد خون روبرتا"
    ],
    "i18n": {
      "jpn": "BLACK LAGOON Roberta's Blood Trail",
      "eng": "Black Lagoon: Roberta's Blood Trail"
    },
    "sid": "95d69eb6-0e07-4b08-8af7-552030cf37f2"
  }
}