{
  "header": {
    "version": 3,
    "description": "Karaoke Mugen Series File"
  },
  "series": {
    "name": "Black Lagoon",
    "aliases": [
      "BL",
      "BL1",
      "Black Lagoon 1",
      "Black Lagoon 1st Season",
      "Black Lagoon First Season",
      "Juodoji Lagūna",
      "Kara Lagün",
      "Laguna Neagră",
      "Melnā Lagūna",
      "Черната Лагуна",
      "Чёрная лагуна",
      "Чорна лагуна",
      "مرداب سیاه",
      "ブラック・ラグーン",
      "黑礁"
    ],
    "i18n": {
      "jpn": "BLACK LAGOON",
      "por": "Black Lagoon",
      "fre": "Black Lagoon",
      "ger": "Black Lagoon",
      "fin": "Black Lagoon",
      "ita": "Black Lagoon",
      "pol": "Black Lagoon",
      "eng": "Black Lagoon",
      "rus": "Пираты Чёрной лагуны",
      "ukr": "Пірати «Чорної Лагуни»",
      "tha": "จารชนพันธุ์เถื่อน",
      "kor": "블랙 라군",
      "chi": "企業傭兵"
    },
    "sid": "f7250ed6-c188-40b7-bf9a-e461f0a21305"
  }
}