{
  "header": {
    "version": 3,
    "description": "Karaoke Mugen Series File"
  },
  "series": {
    "name": "Blade & Soul",
    "aliases": [
      "Blade and Soul",
      "Душа и острие",
      "ブレイド&ソウル",
      "ブレイドアンドソウル"
    ],
    "i18n": {
      "jpn": "ブレイドアンドソウル",
      "eng": "Blade & Soul",
      "fre": "Blade & Soul",
      "chi": "剑灵"
    },
    "sid": "d5db2f72-db67-4d5d-85b2-284e06f6f522"
  }
}