{
  "header": {
    "version": 3,
    "description": "Karaoke Mugen Series File"
  },
  "series": {
    "name": "Bleach",
    "aliases": [
      "Bleach",
      "bleach tv",
      "BTV",
      "Белина",
      "Блиич",
      "Блийч",
      "Бліч",
      "Отбеливатель",
      "ブリーチ"
    ],
    "i18n": {
      "jpn": "BLEACH",
      "heb": "'בליץ",
      "fre": "Bleach",
      "por": "Bleach",
      "hun": "Bleach",
      "pol": "Bleach",
      "cze": "Bleach",
      "ger": "Bleach",
      "spa": "Bleach",
      "rum": "Bleach",
      "eng": "Bleach",
      "srp": "Izbeljivač",
      "rus": "Блич",
      "ara": "بليتش",
      "urd": "بلیچ",
      "per": "بلیچ",
      "tha": "บลีช เทพมรณะ",
      "kor": "블리치"
    },
    "sid": "d68e6557-fdc3-4c8b-805c-9778918abd03"
  }
}