{
  "header": {
    "version": 3,
    "description": "Karaoke Mugen Series File"
  },
  "series": {
    "name": "Blood+",
    "aliases": [
      "+دم",
      "B+",
      "Blood TV",
      "Blood+",
      "Kraujas Plius"
    ],
    "i18n": {
      "jpn": "BLOOD+",
      "pol": "BLOOD+",
      "spa": "Blood+",
      "fre": "BLOOD+",
      "eng": "BLOOD+",
      "hun": "BLOOD+",
      "ger": "Blood+",
      "por": "Blood+",
      "cze": "BLOOD+",
      "rum": "BLOOD+",
      "rus": "Кровь+",
      "bul": "Кръв+"
    },
    "sid": "43dc2602-fdb2-4a84-b9bb-6fbc1f35e876"
  }
}