{
  "header": {
    "version": 3,
    "description": "Karaoke Mugen Series File"
  },
  "series": {
    "name": "Blue Dragon",
    "aliases": [
      "Mavi Ejder",
      "Mėlynasis Drakonas",
      "Sininen Lohikäärme",
      "蓝龙"
    ],
    "i18n": {
      "jpn": "ブルー・ドラゴン",
      "fre": "Blue Dragon",
      "por": "Blue Dragon",
      "ita": "Blue Dragon",
      "ger": "Blue Dragon",
      "eng": "Blue Dragon",
      "ara": "التنين الأزرق",
      "tha": "ศึกอภินิหารมังกรสีน้ำเงิน"
    },
    "sid": "17c751de-ab81-49bf-b2fa-ba5552c980a8"
  }
}