{
  "header": {
    "version": 3,
    "description": "Karaoke Mugen Series File"
  },
  "series": {
    "name": "Blue Gender",
    "aliases": [
      "الجنس الأزرق",
      "虫袭"
    ],
    "i18n": {
      "jpn": "ブルージェンダー",
      "fre": "Blue Gender",
      "rum": "Blue Gender",
      "cze": "Blue Gender",
      "eng": "Blue Gender",
      "pol": "Blue Gender",
      "hun": "Blue Gender",
      "bul": "Синята раса"
    },
    "sid": "c78b62ce-6fc8-47ec-b989-503bbcff2531"
  }
}