{
  "header": {
    "version": 3,
    "description": "Karaoke Mugen Series File"
  },
  "series": {
    "name": "Bobobôbo Bôbobo",
    "aliases": [
      "bobo",
      "Bobobo-bo Bo-bobo",
      "Бобобо́бо Бо́бобо"
    ],
    "i18n": {
      "jpn": "ボボボーボ・ボーボボ",
      "por": "Bobobo",
      "fre": "Bobobo-bo Bo-bobo",
      "dut": "Bobobo-bo Bo-bobo",
      "ger": "Bobobo-bo Bo-bobo",
      "eng": "Bobobo-bo Bo-bobo",
      "pol": "Bobobo-bo Bo-bobo",
      "heb": "בו בו בו"
    },
    "sid": "8f1772ba-29a9-430f-9d6a-2412b8cf4700"
  }
}