{
  "header": {
    "version": 3,
    "description": "Karaoke Mugen Series File"
  },
  "series": {
    "name": "Boku no Chikyû o Mamotte",
    "aliases": [
      "Bokutama",
      "PSME",
      "Boku no Chikyuu wo Mamotte",
      "bokutama",
      "psme",
      "나의 지구를 지켜줘",
      "ぼくたま",
      "ぼく地球"
    ],
    "i18n": {
      "jpn": "ぼくの地球を守って",
      "eng": "Please Save My Earth",
      "fre": "Réincarnations ‒ Please Save My Earth",
      "rus": "Пожалуйста, спасите мою Землю!"
    },
    "sid": "b71a0a1f-da8d-4d0c-8291-a839cbef9bb4"
  }
}