{
  "header": {
    "version": 3,
    "description": "Karaoke Mugen Series File"
  },
  "series": {
    "name": "Boku no Hero Academia",
    "aliases": [
      "BokuHero",
      "HeroAca",
      "MHA",
      "heroaca",
      "Моя геройская академия",
      "Моята академия на героите",
      "ヒロアカ"
    ],
    "i18n": {
      "jpn": "僕のヒーローアカデミア",
      "eng": "My Hero Academia",
      "fre": "My Hero Academia (saison 1)"
    },
    "sid": "b3b97169-60a7-4cc6-8738-d47bff14eb67"
  }
}