{
  "header": {
    "version": 3,
    "description": "Karaoke Mugen Series File"
  },
  "series": {
    "name": "Boku wa Tomodachi ga Sukunai",
    "aliases": [
      "Haganai",
      "haganai",
      "I Don't Have Many Friends",
      "В мене мало друзів",
      "У меня мало друзей",
      "من دوستان زیادی ندارم"
    ],
    "i18n": {
      "jpn": "僕は友達が少ない",
      "eng": "Haganai: I Don’t Have Many Friends",
      "fre": "Boku wa Tomodachi ga Sukunai",
      "per": "بوکو وا توموداچی گا سکونای",
      "tha": "ชมรมคนไร้เพื่อน",
      "chi": "我的朋友很少"
    },
    "sid": "26bfee07-8431-40df-b999-733515acda59"
  }
}