{
  "header": {
    "version": 3,
    "description": "Karaoke Mugen Series File"
  },
  "series": {
    "name": "Boku dake ga Inai Machi",
    "aliases": [
      "BokuMachi",
      "The Town Where Only I am Missing",
      "Erased - La città in cui io non ci sono",
      "Город где меня больше нет",
      "Града в който ме няма",
      "Градът в който мен ме няма"
    ],
    "i18n": {
      "jpn": "僕だけがいない街",
      "eng": "Erased",
      "spa": "Desaparecido",
      "fre": "Erased",
      "ger": "Erased - Die Stadt, in der es mich nicht gibt -",
      "kor": "나만이 없는 거리"
    },
    "sid": "64d7562c-f249-4d4d-809a-f43a27223483"
  }
}