{
  "header": {
    "version": 3,
    "description": "Karaoke Mugen Series File"
  },
  "series": {
    "name": "Bokusatsu Tenshi Dokuro-chan 2",
    "aliases": [
      "Club-To-Death Angel Dokuro-chan S2",
      "Bokusatsu Tenshi Dokuro-chan 2",
      "dokuro-chan2",
      "dokuro2",
      "Убойный ангел Докуро-тян 2"
    ],
    "i18n": {
      "jpn": "撲殺天使ドクロちゃん2[セカンド]",
      "eng": "Bludgeoning Angel Dokuro-chan 2",
      "fre": "Dokuro-chan 2"
    },
    "sid": "420f5396-f66a-487a-8e08-1c1ded7d7a54"
  }
}