{
  "header": {
    "version": 3,
    "description": "Karaoke Mugen Series File"
  },
  "series": {
    "name": "Boku no Hero Academia S3",
    "aliases": [
      "BokuHero S3",
      "HeroAca S3",
      "MHA S3",
      "heroaca3"
    ],
    "i18n": {
      "jpn": "僕のヒーローアカデミア (2018)",
      "eng": "My Hero Academia 3rd Season",
      "fre": "My Hero Academia (saison 3)",
      "kor": "나의 히어로 아카데미아 3"
    },
    "sid": "f462b8dc-9a28-4e3f-865d-3cd9b78e17e1"
  }
}