{
  "header": {
    "version": 3,
    "description": "Karaoke Mugen Series File"
  },
  "series": {
    "name": "Boku no Kanojo ga Majimesugiru Sho-bitch na Ken",
    "aliases": [
      "My Girlfriend is a Faithful Virgin Bitch",
      "Boku no Kanojo ga Majimesugiru Shojo Bitch na Ken",
      "Boku no Kanojo ga Majime Sugiru Shojo Bitch na Ken",
      "내 여자친구가 너무 진지해서 처녀 비치인 건",
      "僕の彼女がマジメ過ぎる処女ビッチな件"
    ],
    "i18n": {
      "jpn": "僕の彼女がマジメ過ぎるしょびっちな件",
      "eng": "My Girlfriend Is Shobitch",
      "fre": "My Girlfriend Is Too Much to Handle"
    },
    "sid": "af14b0d1-6145-4f8e-bdda-ee5e149b3eb2"
  }
}