{
  "header": {
    "version": 3,
    "description": "Karaoke Mugen Series File"
  },
  "series": {
    "name": "Bokura ga Ita",
    "aliases": [
      "bgi",
      "Byliśmy tam",
      "C'était nous",
      "We were there",
      "Это были мы",
      "אנחנו היינו שם",
      "نحن كنا هناك",
      "我们的存在"
    ],
    "i18n": {
      "jpn": "僕等がいた",
      "eng": "We Were There",
      "fre": "C'était nous",
      "ita": "Noi c'eravamo"
    },
    "sid": "846aacf3-048d-43e9-8c15-bbf6b5e13983"
  }
}