{
  "header": {
    "version": 3,
    "description": "Karaoke Mugen Series File"
  },
  "series": {
    "name": "Bokurano",
    "aliases": [
      "Bokurano",
      "Наше",
      "Нашето...",
      "地球防卫少年",
      "地球防衛少年",
      "我们的"
    ],
    "i18n": {
      "jpn": "ぼくらの",
      "eng": "Bokurano",
      "fre": "Bokurano",
      "tur": "Bizim",
      "por": "Bokurano"
    },
    "sid": "f32e7fbe-6453-4c2e-9270-215e3d1be92c"
  }
}