{
  "header": {
    "version": 3,
    "description": "Karaoke Mugen Series File"
  },
  "series": {
    "name": "Boku no Hero Academia S2",
    "aliases": [
      "BokuHero S2",
      "HeroAca S2",
      "heroaca2",
      "MHA S2"
    ],
    "i18n": {
      "jpn": "僕のヒーローアカデミア (2017)",
      "eng": "My Hero Academia 2nd Season",
      "fre": "My Hero Academia (saison 2)",
      "kor": "나의 히어로 아카데미아 2"
    },
    "sid": "b7ec833e-eba9-491f-8a17-509dcc537870"
  }
}