{
  "header": {
    "version": 3,
    "description": "Karaoke Mugen Series File"
  },
  "series": {
    "name": "Bokusatsu Tenshi Dokuro-chan",
    "aliases": [
      "Club-To-Death Angel Dokuro-chan",
      "Angelas su Kuoka",
      "Beating Angel Dokuro-chan",
      "Bokusatsu",
      "btd",
      "Club-to-death Angel Dokuro-chan",
      "dokuro",
      "dokuro-chan",
      "El Ángel de la Maza Mortal Dokuro-chan",
      "Totschlag-Engel Dokuro-chan",
      "Убойный ангел Докуро-тян",
      "扑杀天使"
    ],
    "i18n": {
      "jpn": "撲殺天使ドクロちゃん",
      "eng": "Bludgeoning Angel Dokuro-chan",
      "fre": "Dokuro-chan"
    },
    "sid": "225b13dc-82f2-40b9-8839-f0e8d45f880a"
  }
}