{
  "header": {
    "version": 3,
    "description": "Karaoke Mugen Series File"
  },
  "series": {
    "name": "Boku wa Tomodachi ga Sukunai NEXT",
    "aliases": [
      "Haganai NEXT",
      "Haganai 2",
      "Haganai Next",
      "나는 친구가 적다 2기 NEXT"
    ],
    "i18n": {
      "jpn": "僕は友達が少ないNEXT",
      "eng": "Haganai: I Don’t Have Many Friends NEXT",
      "fre": "Boku wa Tomodachi ga Sukunai NEXT",
      "chi": "我的朋友很少NEXT"
    },
    "sid": "90b0f736-f7bc-4227-90ce-e54e4566c0b5"
  }
}