{
  "header": {
    "version": 3,
    "description": "Karaoke Mugen Series File"
  },
  "series": {
    "name": "Bonjour♪Koiaji Pâtisserie",
    "aliases": [
      "BonKoi",
      "Bonjour Koiaji Patisserie",
      "bonkoi"
    ],
    "i18n": {
      "jpn": "Bonjour♪恋味パティスリー",
      "eng": "Bonjour Sweet Love Patisserie",
      "fre": "Bonjour♪Koiaji Pâtisserie",
      "spa": "BONJOUR♪Sweet Love Patisserie"
    },
    "sid": "72df3cd0-16b1-4ff8-ac3e-2dbc6e5032f1"
  }
}