{
  "header": {
    "version": 3,
    "description": "Karaoke Mugen Series File"
  },
  "series": {
    "name": "Boruto: Naruto Next Generations",
    "aliases": [
      "Boruto",
      "boruto tv",
      "Боруто: Новое Поколение",
      "ボルト"
    ],
    "i18n": {
      "jpn": "BORUTO -NARUTO NEXT GENERATIONS-",
      "fre": "Boruto: Naruto Next Generations",
      "eng": "Boruto: Naruto Next Generations"
    },
    "sid": "956034b8-358d-4d28-8d4f-613529fc50b6"
  }
}