{
  "header": {
    "version": 3,
    "description": "Karaoke Mugen Series File"
  },
  "series": {
    "name": "Bosco Daibôken",
    "aliases": [
      "Bosco Daibouken",
      "A Bosco léghajó kalandjai",
      "La forêt magique",
      "Przygody Bosco",
      "Приключения Боско"
    ],
    "i18n": {
      "jpn": "ボスコアドベンチャー",
      "eng": "Bosco Adventure",
      "pol": "Bosco",
      "fre": "Les aventures du Bosco",
      "heb": "חבורת הצב המעופף",
      "ara": "سفينة الأصدقاء",
      "srp": "Plava princeza",
      "ita": "Principessa dai capelli blu",
      "bul": "Приключенията на Боско"
    },
    "sid": "30f80cef-f8c0-41d8-a3cb-069a825bd305"
  }
}