{
  "header": {
    "version": 3,
    "description": "Karaoke Mugen Series File"
  },
  "series": {
    "name": "Bônen no Xamd",
    "aliases": [
      "Bounen no Xamd",
      "BnX",
      "Xam'd: Kayıp Hatıralar",
      "xamd",
      "Ксам'д: Потерянные Воспоминания",
      "ذكريات زامد الضائعة",
      "亡念的扎穆德"
    ],
    "i18n": {
      "jpn": "亡念のザムド",
      "eng": "Xam'd: Lost Memories"
    },
    "sid": "914a4baf-745e-4c61-85d2-12a30cf2b736"
  }
}