{
  "header": {
    "version": 3,
    "description": "Karaoke Mugen Series File"
  },
  "series": {
    "name": "Break Blade",
    "aliases": [
      "Break Blade Movie",
      "Kırık Kılıç",
      "Зламаний Меч",
      "Сломанный Меч",
      "ブレイクブレイド BROKEN BLADE",
      "破剑之刃"
    ],
    "i18n": {
      "jpn": "ブレイク ブレイド BROKEN BLADE",
      "eng": "Broken Blade"
    },
    "sid": "96ca84eb-3b2b-4417-86fc-019a0b7cd0d8"
  }
}