{
  "header": {
    "version": 3,
    "description": "Karaoke Mugen Series File"
  },
  "series": {
    "name": "Bubblegum Crisis",
    "aliases": [
      "BGC",
      "Bubblegum Crisis 2032",
      "Bubblegum Crisis 2033",
      "Кризис каждый день"
    ],
    "i18n": {
      "jpn": "バブルガムクライシス",
      "ger": "Bubblegum Crisis",
      "fre": "Bubblegum Crisis",
      "eng": "Bubblegum Crisis"
    },
    "sid": "9034bb8e-c9e2-46bc-9e7d-ffa3a7b5ecdd"
  }
}