{
  "header": {
    "version": 3,
    "description": "Karaoke Mugen Series File"
  },
  "series": {
    "name": "Bubblegum Crisis Tokyo 2040",
    "aliases": [
      "BGC 2040",
      "bgc2040",
      "Bubblegum Crisis 2040"
    ],
    "i18n": {
      "jpn": "バブルガムクライシス TOKYO2040",
      "eng": "Bubblegum Crisis: Tokyo 2040",
      "spa": "Bubblegum Crisis: Tokyo 2040",
      "por": "Bubblegum Crisis: Tokyo 2040"
    },
    "sid": "e1bcfda7-d9f4-4e36-8620-d73a584b757a"
  }
}