{
  "header": {
    "version": 3,
    "description": "Karaoke Mugen Series File"
  },
  "series": {
    "name": "Busô Renkin",
    "aliases": [
      "BoRe",
      "BuRe",
      "Busou Renkin",
      "Arms Alchemy",
      "Silah Simyası",
      "Алхимическое оружие",
      "Алхимично оръжие",
      "武装炼金"
    ],
    "i18n": {
      "jpn": "武装錬金",
      "fre": "Busô Renkin",
      "eng": "Buso Renkin"
    },
    "sid": "bd19e660-c298-487d-aeb8-d2dd3f5c403e"
  }
}