{
  "header": {
    "version": 3,
    "description": "Karaoke Mugen Series File"
  },
  "series": {
    "name": "Byôsoku 5 Centimeter",
    "aliases": [
      "Byousoku 5 Centimeter",
      "5 centimét một giây",
      "5 centimeter i sekunden",
      "5 centimetrai per sekundę",
      "5 centimetri al secondo",
      "5 centimetri pe secundă",
      "5 cm al secondo",
      "5 Cm Một Giây",
      "5 cm na sekundę",
      "5 cm per second",
      "5 Zentimeter pro Sekunde",
      "5 εκατοστά το δευτερόλεπτο",
      "5 сантиметра в секунда",
      "5 сантиметрів за секунду",
      "5 сантиметрів на секунду",
      "5 סמ בשנייה",
      "5 سنتيمترات في الثانية",
      "5cm",
      "5cm per Second",
      "5cm/s",
      "Byosoku 5 centimeter ~a chain of short stories about their distance~",
      "Byosoku Go Senchimetoru",
      "Byousoku Go Senchime-toru",
      "Byousoku Go Senchimeetoru",
      "Saniyede 5 Santimetre",
      "Пет сантиметра на секунда",
      "Пять сантиметров в секунду"
    ],
    "i18n": {
      "jpn": "秒速5センチメートル",
      "eng": "5 Centimeters per Second",
      "fre": "5 centimètres par seconde",
      "dut": "5 centimeter per seconde",
      "ger": "5 Centimeters per second",
      "spa": "5 Centímetros por Segundo",
      "cze": "5 Centimetru za Sekundu",
      "pol": "5 centymetrów na sekundę",
      "ita": "5 cm per second",
      "est": "5 sentimeetrit sekundis",
      "rus": "5 сантиметров в секунду",
      "hun": "Másodpercenként 5 centiméter",
      "mon": "Секундэд таван сантиметр",
      "kor": "초속 5 센티미터",
      "chi": "秒速5厘米"
    },
    "sid": "23a8d468-b04d-450a-b077-d0bd4da302c0"
  }
}