{
  "header": {
    "version": 3,
    "description": "Karaoke Mugen Series File"
  },
  "series": {
    "name": "C: The Money and Soul of Possibility Control",
    "aliases": [
      "C - Control",
      "C - The Money of Soul and Possibility Control",
      "C The Money of Soul and Possibility Control",
      "C: The Money of Soul and Possibility",
      "C: پول روح و کنترل احتمالات",
      " Control",
      "[C] - Control - The Money and Soul of Possibility",
      "С - Парите могат да контролират душата"
    ],
    "i18n": {
      "jpn": "「C」 CONTROL - THE MONEY OF SOUL AND POSSIBILITY",
      "eng": "[C] CONTROL - The Money and Soul of Possibility"
    },
    "sid": "d2a966a2-e595-4dbb-80d1-eb7e6e9bb226"
  }
}