{
  "header": {
    "version": 3,
    "description": "Karaoke Mugen Series File"
  },
  "series": {
    "name": "C³: Cube x Cursed x Curious",
    "aliases": [
      "C-Cube",
      "CxCxC",
      "CCC",
      "C Cube",
      "C^3",
      "C3",
      "C³",
      "C3 Anime",
      "cxcxc",
      "سی به توان 3",
      "مکعب X نفرین شده X کنجکاو",
      "مکعب سی",
      "シーキューブ"
    ],
    "i18n": {
      "jpn": "シーキューブ",
      "eng": "C³ Cube x Cursed x Curious"
    },
    "sid": "c1bcc59f-59db-4d60-a9e5-1483708c1faa"
  }
}