{
  "header": {
    "version": 3,
    "description": "Karaoke Mugen Series File"
  },
  "series": {
    "name": "Campione! Matsurowanu Kamigami to Kamigoroshi no Maô",
    "aliases": [
      "Campione! Matsurowanu Kamigami to Kamigoroshi no Maou"
    ],
    "i18n": {
      "jpn": "カンピオーネ! ~まつろわぬ神々と神殺しの魔王~",
      "eng": "Campione!",
      "per": "!کامپیونه",
      "spa": "Campione!",
      "chi": "弑神者"
    },
    "sid": "06e8a571-cffe-45fb-ae29-cb177dd9ee32"
  }
}