{
  "header": {
    "version": 3,
    "description": "Karaoke Mugen Series File"
  },
  "series": {
    "name": "Candy Candy",
    "aliases": [
      "Au pays de Candy",
      "Candy Candy TV",
      "Dolce Candy",
      "Kendi Kendi",
      "Кенди-Кенди"
    ],
    "i18n": {
      "jpn": "キャンディ・キャンディ",
      "fre": "Candy",
      "hun": "Candy",
      "rum": "Candy Candy",
      "spa": "Candy Candy",
      "glg": "Candy Candy",
      "por": "Candy Candy",
      "ita": "Candy Candy",
      "fin": "Candy Candy",
      "hrv": "Candy Candy",
      "pol": "Candy Candy",
      "tur": "Şeker Kız Candy",
      "gre": "Κάντυ Κάντυ",
      "bul": "Сладката Канди"
    },
    "sid": "27b1ff33-d244-47f7-8f59-c823af74ae77"
  }
}