{
  "header": {
    "version": 3,
    "description": "Karaoke Mugen Series File"
  },
  "series": {
    "name": "Captain Future",
    "aliases": [
      "Captain Future",
      "CF",
      "Капитан Фьючер"
    ],
    "i18n": {
      "jpn": "キャプテンフューチャー",
      "fre": "Capitaine Flam",
      "ita": "Capitan Futuro",
      "spa": "Capitán Futuro",
      "ger": "Captain Future",
      "eng": "The Adventures of Captain Future",
      "ara": "فارس الفضاء"
    },
    "sid": "d65d0aee-50f5-4065-a9bd-c0fd451b8bfd"
  }
}