{
  "header": {
    "version": 3,
    "description": "Karaoke Mugen Series File"
  },
  "series": {
    "name": "Captain Tsubasa J",
    "aliases": [
      "Olive et Tom (J)",
      "Captain Hawk J",
      "Captain Tsubasa J - World Youth",
      "CTJ",
      "فوتبالیستها سری جی"
    ],
    "i18n": {
      "jpn": "キャプテン翼J",
      "fre": "Captain Tsubasa J",
      "ita": "Che campioni Holly e Benji!!!",
      "spa": "Super Campeones",
      "hun": "Tsubasa Kapitány 2",
      "per": "فوتبالیست ها جی",
      "ara": "كابتن ماجد الجزء الثالث"
    },
    "sid": "810d012b-1758-4967-8159-ec86f4f90d50"
  }
}