{
  "header": {
    "version": 3,
    "description": "Karaoke Mugen Series File"
  },
  "series": {
    "name": "Captain Tsubasa",
    "aliases": [
      "Captain Tsubasa - Die tollen Fußballstars",
      "captsuba",
      "CT",
      "Die tollen Fußballstars",
      "Kapitan Hawk",
      "Kapitan Tsubasa",
      "Kaptan Bijar El Kahramane",
      "Kaptan Tsubasa",
      "Olive et Tom",
      "Капитан Цубаса",
      "キャプ翼"
    ],
    "i18n": {
      "jpn": "キャプテン翼",
      "fre": "Olive et Tom ‒ Champions de foot",
      "por": "Super Campeões",
      "spa": "Super Campeones",
      "ger": "Die tollen Fußball-Stars",
      "eng": "Flash Kicker",
      "ita": "Holly e Benji, due fuoriclasse",
      "pol": "Kapitan Jastrząb",
      "ind": "Kapten Tsubasa",
      "tur": "Küçük Golcü",
      "fin": "Kuningas Jalkapallo",
      "hun": "Tsubasa Kapitány",
      "bul": "Капитан Цубаса",
      "per": "فوتبالیست ها",
      "ara": "كابتن ماجد"
    },
    "sid": "0a09d5db-8d04-4a6a-a7ed-5ad5cd7fbb11"
  }
}