{
  "header": {
    "version": 3,
    "description": "Karaoke Mugen Series File"
  },
  "series": {
    "name": "Cardcaptor Sakura: Clear Card-hen",
    "aliases": [
      "CCS Clear Card",
      "Card Captor Sakura Clear Card Hen",
      "Cardcaptor Sakura Clear Card",
      "CCS2"
    ],
    "i18n": {
      "jpn": "カードキャプターさくら クリアカード編",
      "eng": "Cardcaptor Sakura: Clear Card",
      "kor": "카드 캡터 사쿠라 클리어 카드 편"
    },
    "sid": "9e440c83-ef55-4680-bc68-536f0b69ce90"
  }
}