{
  "header": {
    "version": 3,
    "description": "Karaoke Mugen Series File"
  },
  "series": {
    "name": "Cardcaptor Sakura",
    "aliases": [
      "CCS",
      "Card Captor Sakura",
      "Sakura chasseuse de cartes",
      "Cardcaptor Sakura",
      "Cardcaptors",
      "CCS TV",
      "CCSTV",
      "Clow Master Sakura",
      "Ловец карт Сакура",
      "Сакура - мисливець за картами",
      "Сакура - собирательница карт",
      "آسرة البطاقات ساكورا",
      "카드캡터 사쿠라",
      "魔卡少女樱"
    ],
    "i18n": {
      "jpn": "カードキャプターさくら",
      "eng": "Cardcaptor Sakura",
      "ger": "Card Captor Sakura",
      "dut": "Cardcaptor Sakura",
      "swe": "Cardcaptor Sakura",
      "ita": "Pesca la tua carta Sakura",
      "rum": "Sakura , Stăpâna Cărţilor Magice",
      "spa": "Sakura, Cazadora de Cartas",
      "por": "Sakura, a Caçadora de Cartas",
      "vie": "Thủ lĩnh thẻ bài",
      "pol": "Zdobywczyni kart Sakura",
      "gre": "Οι Περιπέτειες της Νίκης",
      "heb": "סאקורה",
      "tha": "การ์ดแคปเตอร์ ซากุระ",
      "kor": "카드캡터 체리"
    },
    "sid": "e18e6f53-efcc-4f1c-8919-eef475ae4af6"
  }
}