{
  "header": {
    "version": 3,
    "description": "Karaoke Mugen Series File"
  },
  "series": {
    "name": "Casshern Sins",
    "aliases": [
      "CaSin",
      "Casshan Sins",
      "Casshern Günahlar",
      "CS",
      "Kiašano Nuodėmės",
      "Грехи Кьяшанна",
      "Греховете на Кашан",
      "חטאי קאשרן",
      "再造人卡夏"
    ],
    "i18n": {
      "jpn": "キャシャーン Sins",
      "eng": "Casshern Sins"
    },
    "sid": "f09dafc0-c55d-4d87-adb2-52d1256e8c94"
  }
}