{
  "header": {
    "version": 3,
    "description": "Karaoke Mugen Series File"
  },
  "series": {
    "name": "Cat's Eye",
    "aliases": [
      "Cats Eye",
      "Ein Supertrio - Cat's Eye",
      "Katzenauge",
      "عين القط"
    ],
    "i18n": {
      "jpn": "キャッツ・アイ",
      "fre": "Signé Cat's Eye",
      "eng": "Cat's Eye",
      "ger": "Ein Supertrio",
      "ita": "Occhi di Gatto"
    },
    "sid": "7e05aab8-a24e-47da-9eec-da567059f000"
  }
}