{
  "header": {
    "version": 3,
    "description": "Karaoke Mugen Series File"
  },
  "series": {
    "name": "CB Chara Gô Nagai World",
    "aliases": [
      "CB Chara Gou Nagai World",
      "Chibi World",
      "Chibichiara - Nagai Go Sekai",
      "El loco mundo de Go Nagai"
    ],
    "i18n": {
      "jpn": "CBキャラ永井豪ワールド",
      "eng": "Go Nagai World",
      "fre": "CB Chara Gô Nagai World",
      "ita": "Il pazzo mondo di Go Nagai"
    },
    "sid": "23506403-a197-4e1e-9561-3b41f260785f"
  }
}