{
  "header": {
    "version": 3,
    "description": "Karaoke Mugen Series File"
  },
  "series": {
    "name": "Change!! Getter Robo: Sekai Saigo no Hi",
    "aliases": [
      "Change!! Getter Robo",
      "Change!! True Getter Robo - The Final Days of the World",
      "Getter Robo Armageddon",
      "Shin (Change!!) Getter Robo - The Final Days of the World",
      "Shin Getter Robo: The Last Day",
      "True (Change!!) Getter Robo - The Final Days of the World"
    ],
    "i18n": {
      "jpn": "真(チェンジ!!)ゲッターロボ 世界最後の日",
      "eng": "Getter Robo: Armageddon"
    },
    "sid": "f9abef9d-da8b-4bdf-a590-758d866ed2e8"
  }
}