{
  "header": {
    "version": 3,
    "description": "Karaoke Mugen Series File"
  },
  "series": {
    "name": "ChäoS;HEAd",
    "aliases": [
      "C;H",
      "ChäoS;HEAd",
      "Haoss;Galva",
      "Кутерьма в голове",
      "Хаос в Главата",
      "Хаос; Вершина"
    ],
    "i18n": {
      "jpn": "カオス;ヘッド",
      "eng": "Chaos;HEAd",
      "kor": "카오스;헤드"
    },
    "sid": "73f7aa30-d9e9-4365-9e19-a7bb63e9a6b6"
  }
}