{
  "header": {
    "version": 3,
    "description": "Karaoke Mugen Series File"
  },
  "series": {
    "name": "Chi's Sweet Home: Atarashii Ôchi",
    "aliases": [
      "Chi's 2",
      "Chizzu 2",
      "Chi's Sweet Home: Atarashii Ouchi",
      "Chi's Sweet Home: Atarashii O'uchi",
      "Chi's Sweet Home: Atarashii Ouchi",
      "Chi's Sweet Home: New Address",
      "Chi2",
      "Chii's New Address",
      "Chii's Sweet Home: Atarashii Ouchi",
      "Chii's Sweet Home: New Address",
      "chii2",
      "Милый дом Чи (второй сезон)",
      "הכתובת החדשה של צ'י"
    ],
    "i18n": {
      "jpn": "チーズスイートホーム あたらしいおうち",
      "eng": "Chi's New Address",
      "fre": "Chi : Une vie de chat 2",
      "per": "خانه زیبای چی: آپارتمان جدید"
    },
    "sid": "f770305a-a88d-460d-a2f1-8e7484fece36"
  }
}