{
  "header": {
    "version": 3,
    "description": "Karaoke Mugen Series File"
  },
  "series": {
    "name": "Chi's Sweet Home",
    "aliases": [
      "Chizzu",
      "Chi",
      "Chi's Sweet Home",
      "chii",
      "chii1",
      "Słodki domek Chi",
      "Милый дом Ти",
      "Милый дом Чи",
      "Сладкият дом на Чи",
      "ביתה המתוק של צ'י",
      "منزل تشي السعيد",
      "甜甜起司猫"
    ],
    "i18n": {
      "jpn": "チーズスイートホーム",
      "fre": "Chi : Une vie de chat",
      "eng": "Chi's Sweet Home",
      "per": "خانه زیبای چی",
      "tha": "บ้านนี้ต้องมีเหมียว"
    },
    "sid": "929e9830-02d1-4d99-96ef-523db18a578f"
  }
}