{
  "header": {
    "version": 3,
    "description": "Karaoke Mugen Series File"
  },
  "series": {
    "name": "Chiccha na Yuki Tsukai Sugar",
    "aliases": [
      "Tiny Snow Fairy Sugar",
      "ALSFS",
      "Chiccha na Yukitsukai Sugar",
      "Fadinha de Neve Sugar",
      "sugar",
      "Sugar: A Little Snow Fairy",
      "Tiny Little Snow Fairy Sugar",
      "TSFS",
      "Малката снежна фея Шугър"
    ],
    "i18n": {
      "jpn": "ちっちゃな雪使いシュガー",
      "eng": "A Little Snow Fairy Sugar"
    },
    "sid": "150437dc-96a3-4e4a-9e7b-e013e4c8cd87"
  }
}