{
  "header": {
    "version": 3,
    "description": "Karaoke Mugen Series File"
  },
  "series": {
    "name": "Chiisana Viking Vickie",
    "aliases": [
      "Wickie",
      "Vickie o Pequeno Viking"
    ],
    "i18n": {
      "jpn": "小さなバイキングビッケ",
      "eng": "Vicky the Little Viking",
      "fre": "Vic le Viking",
      "por": "Vickie, o Viking",
      "hun": "Vicky a viking",
      "spa": "Vicky el Vikingo",
      "tur": "Vikingler",
      "dut": "Wickie de Viking",
      "ger": "Wickie und die starken Männer",
      "pol": "Wickie, syn wikingów",
      "gre": "Έρικ ο Βίκινγκ",
      "ara": "فيكي"
    },
    "sid": "6553ce14-af9f-4c53-af3b-26581dc5f2b1"
  }
}