{
  "header": {
    "version": 3,
    "description": "Karaoke Mugen Series File"
  },
  "series": {
    "name": "Chip'n Dale Rescue Rangers",
    "aliases": [
      "Chip y Dale al rescate",
      "Tico e Teco e os Defensores da Lei"
    ],
    "i18n": {
      "eng": "Chip 'n Dale: Rescue Rangers",
      "fre": "Tic & Tac les Rangers du Risque",
      "ger": "Chip und Chap – Die Ritter des Rechts",
      "spa": "Chip y Chop: Guardianes rescatadores",
      "ita": "Cip & Ciop agenti speciali",
      "jpn": "チップとデールの大作戦",
      "dut": "Knabbel en Babbel Rescue Rangers",
      "por": "Tico e Teco - Comando Salvador",
      "rus": "Чип и Дейл спешат на помощь",
      "chi": "救難小福星"
    },
    "sid": "dc6a3611-254b-4401-98c9-e1a910aed5b7"
  }
}