{
  "header": {
    "version": 3,
    "description": "Karaoke Mugen Series File"
  },
  "series": {
    "name": "Chobits",
    "aliases": [
      "Чобитс",
      "Чобіти",
      "人形电脑天使心"
    ],
    "i18n": {
      "jpn": "ちょびっツ",
      "fre": "Chobits",
      "ger": "Chobits",
      "eng": "Chobits",
      "pol": "Chobits",
      "por": "Chobits",
      "rus": "Чобиты",
      "kor": "쵸빗츠"
    },
    "sid": "40290dd3-afa6-4b3c-b83f-f3d27eddd3bf"
  }
}