{
  "header": {
    "version": 3,
    "description": "Karaoke Mugen Series File"
  },
  "series": {
    "name": "Chô Denji Robo Combattler V",
    "aliases": [
      "Ultra Electromagnetic Robot Combattler V",
      "Chou Denji Robo Combattler V",
      "Combattler V",
      "Super Electromagnetic Robo Combattler V"
    ],
    "i18n": {
      "jpn": "超電磁ロボ コン・バトラーV",
      "eng": "Super Electromagnetic Robo Combattler V",
      "ita": "Combattler V",
      "ara": "البطل خماسي"
    },
    "sid": "4f0ab5c7-6801-40a6-90aa-2e6ef6f2c28c"
  }
}