{
  "header": {
    "version": 3,
    "description": "Karaoke Mugen Series File"
  },
  "series": {
    "name": "Chô Jikû Yôsai Macross: FlashBack 2012",
    "aliases": [
      "Chou Jikuu Yousai Macross FlashBack 2012",
      "Choujikuu Yousai Macross FlashBack 2012",
      "Macross Flashback 2012"
    ],
    "i18n": {
      "jpn": "超時空要塞マクロス FLASH BACK 2012",
      "eng": "Super Dimension Fortress Macross: Flash Back 2012"
    },
    "sid": "971608cf-05c6-4cd9-9014-1b9905d54cca"
  }
}