{
  "header": {
    "version": 3,
    "description": "Karaoke Mugen Series File"
  },
  "series": {
    "name": "Chô Jikû Yôsai Macross: Ai Oboete Imasu ka?",
    "aliases": [
      "Chou Jikuu Yousai Macross: Ai Oboete Imasu ka?",
      "Choujikuu Yousai Macross: Ai Oboete Imasu ka?"
    ],
    "i18n": {
      "jpn": "超時空要塞マクロス -愛・おぼえていますか-",
      "eng": "Super Dimension Fortress Macross: Do You Remember Love?"
    },
    "sid": "435a0756-0cd6-44a2-8fd5-146dd6f5aadc"
  }
}