{
  "header": {
    "version": 3,
    "description": "Karaoke Mugen Series File"
  },
  "series": {
    "name": "Chô Jikû Yôsai Macross",
    "aliases": [
      "Robotech The Macross Saga",
      "Chou jikuu Yousai Macross",
      "Choujikuu Yousai Macross",
      "Fortaleza Superdimensional Macross",
      "Guerra das Galáxias",
      "Macross Super Dimensional Fortress",
      "Robotech: The Macross Saga",
      "SDF Macross",
      "SDFM",
      "Space Fortress Macross",
      "Superfortaleza Dimensional Macross",
      "Макрос",
      "قلعة الأبعاد الخارقة ماكروس",
      "超时空要塞"
    ],
    "i18n": {
      "jpn": "超時空要塞マクロス",
      "eng": "Super Dimension Fortress Macross",
      "fre": "Super Dimension Fortress Macross",
      "ita": "Fortezza superdimensionale Macross",
      "por": "Macross",
      "gre": "Robotech",
      "spa": "Robotech: La Saga de Macross",
      "rus": "Макросс"
    },
    "sid": "e5fc67a0-69e1-4d5e-9d63-191c44dd44e8"
  }
}