{
  "header": {
    "version": 3,
    "description": "Karaoke Mugen Series File"
  },
  "series": {
    "name": "Chôjigen Game Neptune The Animation",
    "aliases": [
      "Choujigen Game Neptune The Animation",
      "Chou Jigen Game Neptune The Animation",
      "HDNA",
      "Hyperdimension Neptunia",
      "超次元ゲイムネプテューヌ"
    ],
    "i18n": {
      "jpn": "超次元ゲイム ネプテューヌ THE ANIMATION",
      "eng": "Hyperdimension Neptunia The Animation"
    },
    "sid": "42f1c62d-ff62-4ca8-92a7-d4c0b766755f"
  }
}