{
  "header": {
    "version": 3,
    "description": "Karaoke Mugen Series File"
  },
  "series": {
    "name": "Chôjûshin Gravion Zwei",
    "aliases": [
      "Choujuushin Gravion Zwei",
      "Chou Juushin Gravion Zwei",
      "Choujuushin Gravion 2",
      "Choujuushin Gravion Two",
      "Choujyuushin Gravion Tsuvai",
      "g2",
      "Gravion 2",
      "Gravion Two",
      "Super Heavy God Gravion 2",
      "Super Heavy God Gravion Two",
      "Super Heavy God Gravion Zwei"
    ],
    "i18n": {
      "jpn": "超重神グラヴィオンツヴァイ",
      "eng": "Gravion Zwei",
      "fre": "Super Gravity God Gravion Gravion 2",
      "por": "Gravion Zwei"
    },
    "sid": "700b6e45-0178-41d2-9563-c48ec2cb4326"
  }
}