{
  "header": {
    "version": 3,
    "description": "Karaoke Mugen Series File"
  },
  "series": {
    "name": "Chôjû Kishin Dancougar",
    "aliases": [
      "Choujuu Kishin Dancougar",
      "Dancougar",
      "Super Mechanimal Dancougar",
      "ダンクーガ"
    ],
    "i18n": {
      "jpn": "超獣機神ダンクーガ",
      "eng": "Super Beastial Machine God Dancougar",
      "fre": "Dancougar, les Cadets de l'Espace"
    },
    "sid": "ed90c67e-202f-4ed6-92f1-d9c06db1b93a"
  }
}