{
  "header": {
    "version": 3,
    "description": "Karaoke Mugen Series File"
  },
  "series": {
    "name": "Chô Henshin Cosprayers",
    "aliases": [
      "Super Transformation Cosprayer",
      "Chou Henshin! Cosprayer",
      "Cosprayers",
      "Super Transformation Cosprayers",
      "Косплейърите"
    ],
    "i18n": {
      "jpn": "超変身コス∞プレイヤー",
      "eng": "The Cosmopolitan Prayers",
      "fre": "Cosprayers"
    },
    "sid": "bda0153d-4985-4e25-a280-d9b88229f6ef"
  }
}