{
  "header": {
    "version": 3,
    "description": "Karaoke Mugen Series File"
  },
  "series": {
    "name": "Chôjin Locke",
    "aliases": [
      "Choujin Locke",
      "Choujin Locke: Majo no Millennium",
      "Choujin Locke: Witch Era",
      "Locke - superczłowiek",
      "Locke The Superman: Millennium of the Witch",
      "Locke the Superman: Witch Era",
      "Space Warriors",
      "Star Warriors",
      "초인 로크",
      "超人ロック 魔女の世紀[ミレニアム]"
    ],
    "i18n": {
      "jpn": "超人ロック",
      "eng": "Locke the Superman",
      "por": "Locke - O Superman das Galáxias",
      "fre": "Luck the galaxy fighter",
      "spa": "Superman de las Galaxias",
      "gre": "Λοκ ο Σούπερμαν"
    },
    "sid": "1a10adf7-42c1-49d1-b602-0749b28b1929"
  }
}