{
  "header": {
    "version": 3,
    "description": "Karaoke Mugen Series File"
  },
  "series": {
    "name": "Chô Jikû Yôsai Macross II: Lovers Again",
    "aliases": [
      "macross 2",
      "Macross II: Lovers Again"
    ],
    "i18n": {
      "jpn": "超時空要塞マクロスII -Lovers Again-",
      "ger": "Macross II",
      "pol": "Macross II",
      "fin": "Macross II - Yliulottuvaisuuden linnake",
      "eng": "Super Dimension Fortress Macross II: Lovers Again"
    },
    "sid": "656ad00b-4440-449b-9cf5-4de3a96637d7"
  }
}