{
  "header": {
    "version": 3,
    "description": "Karaoke Mugen Series File"
  },
  "series": {
    "name": "Chô Gekijôban Keroro Gunsô 4: Gekishin Dragon Warriors de Arimasu!",
    "aliases": [
      "Chou Gekijouban Keroro Gunsou: Gekishin Dragon Warriors de Arimasu!"
    ],
    "i18n": {
      "jpn": "超劇場版ケロロ軍曹 撃侵ドラゴンウォリアーズであります!",
      "eng": "Keroro Gunso the Super Movie 4: Gekishin Dragon Warriors"
    },
    "sid": "97448fc0-bb6d-4d8b-9491-a5d1e912d897"
  }
}