{
  "header": {
    "version": 3,
    "description": "Karaoke Mugen Series File"
  },
  "series": {
    "name": "Chô Denji Machine Voltes V",
    "aliases": [
      "Voltes 5",
      "Choudenji Machine Voltes V",
      "Chou Denji Machine Voltes V",
      "Super Electromagnetic Machine Voltes V",
      "Super Electron Machine Voltes V",
      "Ultra Electromagnetic Machine Voltes V",
      "Voltes V"
    ],
    "i18n": {
      "jpn": "超電磁マシーン ボルテスV",
      "eng": "Super Electron Machine Voltes V",
      "tgl": "Voltes V",
      "ita": "Vultus V"
    },
    "sid": "3abd37f1-87d1-4212-b3c9-b60634ed2974"
  }
}