{
  "header": {
    "version": 3,
    "description": "Karaoke Mugen Series File"
  },
  "series": {
    "name": "Chô Jikû Kidan Southern Cross",
    "aliases": [
      "Robotech The Masters",
      "Chou Jikuu Kidan Southern Cross",
      "Choujikuu Kidan Southern Cross",
      "Robotech: The Masters",
      "Southern Cross",
      "The Southern Cross"
    ],
    "i18n": {
      "jpn": "超時空騎団サザンクロス",
      "eng": "Super Dimensional Cavalry Southern Cross",
      "fre": "Super Dimensional Cavalry Southern Cross"
    },
    "sid": "9a166587-d4ac-4484-9253-f572d95ad131"
  }
}