{
  "header": {
    "version": 3,
    "description": "Karaoke Mugen Series File"
  },
  "series": {
    "name": "Chrno Crusade",
    "aliases": [
      "Chrono Crusade",
      "cc",
      "Chrno Crusade: Mary Magdalene",
      "Кръстоносният поход на Хроно"
    ],
    "i18n": {
      "jpn": "クロノクルセイド",
      "rum": "Chrno Crusade",
      "pol": "Chrno Crusade",
      "ita": "Chrno Crusade",
      "cze": "Chrno Crusade",
      "fre": "Chrno Crusade",
      "hun": "Chrno Crusade",
      "ger": "Chrono Crusade",
      "eng": "Chrono Crusade",
      "rus": "Крестовый поход Хроно"
    },
    "sid": "f64d6265-0e42-432f-80e9-08d72a47255b"
  }
}