{
  "header": {
    "version": 3,
    "description": "Karaoke Mugen Series File"
  },
  "series": {
    "name": "Chûnibyô Demo KOI ga Shitai! Ren Lite",
    "aliases": [
      "Chuu2Koi Ren Lite",
      "Chu2Koi Ren Lite",
      "Chu-2 Byo Lite",
      "Chuunibyou Demo KOI ga Shitai! Ren Lite",
      "Chu-2 Byo demo Koi ga Shitai! Ren Lite",
      "chu2ren Lite",
      "chuu2koiren Lite",
      "chuu2ren Lite",
      "Chuunibyou demo Koi ga Shitai! 2 Lite"
    ],
    "i18n": {
      "jpn": "中二病でも恋がしたい！戀 Lite",
      "eng": "Love, Chunibyo & Other Delusions! Heart Throb Lite Shorts",
      "fre": "Love, Chunibyo & Other Delusions ! Heart Throb Lite Shorts"
    },
    "sid": "0d65766c-9ece-41ad-bc1d-9d5718cd3003"
  }
}