{
  "header": {
    "version": 3,
    "description": "Karaoke Mugen Series File"
  },
  "series": {
    "name": "Chûnibyô Demo KOI ga Shitai! Lite",
    "aliases": [
      "Chuu2Koi Lite",
      "Chu2Koi Lite",
      "Chu-2 Byo Lite",
      "Chuunibyou Demo KOI ga Shitai! Lite",
      "Chu-2 Byou demo Koi ga Shitai! Lite",
      "chu2koi Lite",
      "chuu2koi Lite",
      "chuunibyou Lite",
      "Love Chunibyo & Other Delusions Lite"
    ],
    "i18n": {
      "jpn": "中二病でも恋がしたい！Lite",
      "eng": "Love, Chunibyo & Other Delusions!: Chuni-Shorts"
    },
    "sid": "a98df733-833a-4c99-9e40-8acdd826b1ad"
  }
}