{
  "header": {
    "version": 3,
    "description": "Karaoke Mugen Series File"
  },
  "series": {
    "name": "Chûnibyô Demo KOI ga Shitai! Ren",
    "aliases": [
      "Chuu2Koi Ren",
      "Chu2Koi Ren",
      "Chu-2 Byo",
      "Chuunibyou Demo KOI ga Shitai! Ren",
      "Chu-2 Byo demo Koi ga Shitai! Ren",
      "chu2ren",
      "chuu2koiren",
      "chuu2ren",
      "Chuunibyou demo Koi ga Shitai! 2"
    ],
    "i18n": {
      "jpn": "中二病でも恋がしたい! 戀",
      "eng": "Love, Chunibyo and Other Delusions! Heart Throb",
      "fre": "Love, Chunibyo & Other Delusions ! Heart Throb",
      "pol": "Miłość, gimbaza i kosmiczna faza: Porywy serca",
      "kor": "중2병이라도 사랑이 하고 싶어! 연",
      "chi": "中二病也要谈恋爱! 恋"
    },
    "sid": "31c8bd02-a9dc-48e0-b170-c572a07e5d2c"
  }
}