{
  "header": {
    "version": 3,
    "description": "Karaoke Mugen Series File"
  },
  "series": {
    "name": "Chûnibyô Demo KOI ga Shitai!",
    "aliases": [
      "Chuu2Koi",
      "Chu2Koi",
      "Chu-2 Byo",
      "Chuunibyou Demo KOI ga Shitai!",
      "Chu-2 Byou demo Koi ga Shitai!",
      "chu2koi",
      "chuu2koi",
      "chuunibyou",
      "Love Chunibyo & Other Delusions",
      "Regardless of My Adolescent Delusions of Grandeur I Want a Date!",
      "Чюнібьо теж хочуть кохати!",
      "Я не от мира сего но тоже любить хочу!",
      "中二病也想谈恋爱!"
    ],
    "i18n": {
      "jpn": "中二病でも恋がしたい!",
      "eng": "Love, Chunibyo & Other Delusions!",
      "fre": "Love, Chunibyo & Other Delusions !",
      "pol": "Miłość, gimbaza i kosmiczna faza",
      "kor": "중2병이라도 사랑이 하고 싶어!",
      "chi": "中二病也要谈恋爱!"
    },
    "sid": "ed5a577a-e69a-4323-aa6f-87ca936c5723"
  }
}