{
  "header": {
    "version": 3,
    "description": "Karaoke Mugen Series File"
  },
  "series": {
    "name": "City Hunter Special: Kinkyû Namachuukei!? Kyôakuhan Saeba Ryô no Saigo",
    "aliases": [
      "City Hunter: Kinkyuu Namachuukei!? Kyouakuhan Saeba Ryou no Saigo"
    ],
    "i18n": {
      "jpn": "シティーハンタースペシャル 緊急生中継!?凶悪犯冴羽リョウの最期",
      "eng": "City Hunter: Death of the Vicious Criminal Ryo Saeba",
      "fre": "Nicky Larson : Flash spécial !? La mort de Ryô Saeba",
      "ita": "City Hunter Special 6 - Arrestate Ryo Saeba",
      "ger": "City Hunter: Ryô Saeba, Live on the Scene"
    },
    "sid": "67c33fc5-0367-4c77-9bba-cecbf2d10a8d"
  }
}