{
  "header": {
    "version": 3,
    "description": "Karaoke Mugen Series File"
  },
  "series": {
    "name": "City Hunter",
    "aliases": [
      "CHun1",
      "City Hunter (1. Staffel)",
      "city hunter 1",
      "Şehir Avcısı",
      "Городской охотник",
      "シティーハンター"
    ],
    "i18n": {
      "jpn": "シティーハンター",
      "fre": "Nicky Larson",
      "eng": "City Hunter",
      "ita": "City Hunter",
      "ger": "City Hunter",
      "ara": "صياد المدينة"
    },
    "sid": "85745b8d-9be6-4ab9-98fb-61f63cb50b22"
  }
}