{
  "header": {
    "version": 3,
    "description": "Karaoke Mugen Series File"
  },
  "series": {
    "name": "City Hunter Special: Goodbye My Sweetheart",
    "aliases": [
      "City Hunter - Goodbye My Sweetheart",
      "City Hunter Special: Good-by My Sweet Heart",
      "City Hunter: The Motion Picture",
      "シティーハンター スペシャル グッド・バイ・マイ・スイート・ハート"
    ],
    "i18n": {
      "jpn": "シティーハンタースペシャル グッド・バイ・マイ・スイート・ハート",
      "fre": "Nicky Larson : Goodbye My Sweetheart",
      "eng": "City Hunter: Goodbye My Sweetheart",
      "ita": "City Hunter Special 5 - La Rosa Nera"
    },
    "sid": "2ff77550-fb99-4d97-bbb5-397db985f689"
  }
}