{
  "header": {
    "version": 3,
    "description": "Karaoke Mugen Series File"
  },
  "series": {
    "name": "City Hunter: Ai to Shukumei no Magnum",
    "aliases": [
      "City Hunter  A Magnum Of Love's Destination",
      "City Hunter: Magnum of Love and Destiny",
      "City Hunter: Magnum of Love and Fate",
      "シティーハンター 愛と宿命のマグナム",
      "Chun357"
    ],
    "i18n": {
      "jpn": "CITY HUNTER -愛と宿命のマグナム-",
      "eng": "City Hunter: .357 Magnum",
      "fre": "Nicky Larson - Amour, destin et un Magnum 357",
      "ita": "City Hunter Special 1 - Amore, Destino e una 357 Magnum",
      "ger": "City Hunter - Magnum With Love And Fate",
      "por": "O Caçador de Cidade - Um Magnânimo Destinado ao Amor"
    },
    "sid": "67ed149b-ebed-40c4-a28a-aa930db86d7e"
  }
}