{
  "header": {
    "version": 3,
    "description": "Karaoke Mugen Series File"
  },
  "series": {
    "name": "City Hunter Special: The Secret Service",
    "aliases": [
      "Servizio Segreto",
      "シティーハンター スペシャル ザ・シークレット・サービス"
    ],
    "i18n": {
      "jpn": "シティーハンタースペシャル ザ・シークレット・サービス",
      "fre": "Nicky Larson : Services Secrets",
      "eng": "City Hunter: The Secret Service",
      "ita": "City Hunter Special 4 - Servizi Segreti"
    },
    "sid": "21b68fa3-b873-4b91-9c84-b22abe829698"
  }
}