{
  "header": {
    "version": 3,
    "description": "Karaoke Mugen Series File"
  },
  "series": {
    "name": "CLANNAD",
    "aliases": [
      "Clannad 1",
      "Clannad TV",
      "Кланад",
      "Кланнад",
      "كلاناد",
      "کلاناد",
      "クラナド"
    ],
    "i18n": {
      "jpn": "CLANNAD",
      "chi": "CLANNAD",
      "ger": "Clannad",
      "eng": "Clannad",
      "per": "خانواده",
      "tha": "แคลนนาด"
    },
    "sid": "03831007-d498-4a8d-8a4c-6a6fac0c92c5"
  }
}