{
  "header": {
    "version": 3,
    "description": "Karaoke Mugen Series File"
  },
  "series": {
    "name": "CLANNAD After Story",
    "aliases": [
      "Clannad 2",
      "Clannad AS",
      "Clannad2",
      "Кланад: Продовження Історії",
      "Кланнад: След историята",
      "كلاناد ما بعد القصة",
      "کلاناد ادامه داستان",
      "クラナド アフターストーリー",
      "クラナド- AFTER STORY"
    ],
    "i18n": {
      "jpn": "CLANNAD ~AFTER STORY~",
      "chi": "CLANNAD ~AFTER STORY~",
      "ger": "Clannad After Story",
      "eng": "Clannad After Story",
      "per": "خانواده: ادامه داستان",
      "tha": "แคลนนาด อาฟเตอร์ สตอรี่",
      "kor": "클라나드 애프터 스토리"
    },
    "sid": "946ce070-ee14-43ac-b966-ad38041977d4"
  }
}