{
  "header": {
    "version": 3,
    "description": "Karaoke Mugen Series File"
  },
  "series": {
    "name": "Claymore",
    "aliases": [
      "Klejmor",
      "Kureimoa",
      "Двуострие",
      "Клеймор",
      "Палаш",
      "קליימור",
      "شمشیر دودمه",
      "大剑"
    ],
    "i18n": {
      "jpn": "クレイモア",
      "ita": "Claymore",
      "ger": "Claymore",
      "fre": "Claymore",
      "eng": "Claymore",
      "pol": "Claymore",
      "per": "کلیمور",
      "kor": "클레이모어"
    },
    "sid": "c984a810-c9f5-4ffe-9eb8-ba1fb9dda9f0"
  }
}