{
  "header": {
    "version": 3,
    "description": "Karaoke Mugen Series File"
  },
  "series": {
    "name": "Code Geass: Hangyaku no Lelouch",
    "aliases": [
      "cg r1",
      "cg1",
      "cghnl",
      "code geass",
      "Code Geass ~ Lelouch de la rébellion",
      "Code Geass 1",
      "Code Geass R1",
      "Code Geass: Cuộc khởi nghĩa của Lelouch",
      "Code Geass: Lelouch da Rebelião",
      "Code Geass: Lelouch de la Rebelión",
      "Code Geass: Lelouch de la Rebel·lió",
      "Code Geass: Lelouch'un Başkaldırısı",
      "CodeGeass",
      "Código Geass R1",
      "Código Geass: Lelouch da Rebelião",
      "geass",
      "geass1",
      "Kodas Geass: Leloušio sukilimas",
      "Код Геас: Бунтът на Люлюш",
      "Код Гиас: Восставший Лелуш",
      "Код Гиасс: Восстание Лелуша",
      "Код Ґіас: Повстання Лелуша (R1)",
      "קוד ג'יאס",
      "叛逆的鲁鲁修"
    ],
    "i18n": {
      "jpn": "コードギアス 反逆のルルーシュ",
      "eng": "Code Geass: Lelouch of the Rebellion",
      "fre": "Code Geass",
      "chi": "Code Geass 反叛的鲁鲁修",
      "ger": "Code Geass: Lelouch of the Rebellion",
      "ita": "Code Geass: Lelouch of the Rebellion",
      "pol": "Code Geass: Lelouch of the Rebellion",
      "tha": "โค้ด กีอัส ภาคการปฏิวัติของลูลูช",
      "kor": "코드기어스 반역의 를르슈"
    },
    "sid": "1cb3b851-435a-4078-8619-8711f963a92f"
  }
}