{
  "header": {
    "version": 3,
    "description": "Karaoke Mugen Series File"
  },
  "series": {
    "name": "Code Geass: Hangyaku no Lelouch R2",
    "aliases": [
      "Code Geass S2",
      "CG R2",
      "cg2",
      "cgr2",
      "Code Geass 2",
      "Code Geass R2",
      "Code Geass: Cuộc khởi nghĩa của Lelouch R2",
      "Code Geass: Lelouch da Rebelião R2",
      "Code Geass: Lelouch'un Başkaldırısı R2",
      "Código Geass R2",
      "Código Geass: Lelouch da Rebelião R2",
      "geass2",
      "Kodas Geass: Leloušio sukilimas R2",
      "R2",
      "Код Геас: Бунтът на Люлюш 2",
      "Код Гиас: Восставший Лелуш R2",
      "Код Ґіас: Повстання Лелуша",
      "叛逆的鲁鲁修 R2"
    ],
    "i18n": {
      "jpn": "コードギアス 反逆のルルーシュ R2",
      "eng": "Code Geass: Lelouch of the Rebellion R2",
      "ita": "Code Geass R2",
      "fre": "Code Geass R2",
      "chi": "Code Geass 反叛的鲁鲁修 R2",
      "ger": "Code Geass: Lelouch of the Rebellion R2",
      "mon": "Код Гиасс: Лелоүшийн Бослого Р2",
      "tha": "โค้ด กีอัส ภาคการปฏิวัติของลูลูช R2",
      "kor": "코드기어스 반역의 를르슈 R2"
    },
    "sid": "bd71b69a-e48a-4caf-9f24-c1619727debe"
  }
}