{
  "header": {
    "version": 3,
    "description": "Karaoke Mugen Series File"
  },
  "series": {
    "name": "Conception",
    "aliases": [
      "CONCEPTION 俺の子供を産んでくれ!",
      "Conception: Ore no Kodomo wo Unde Kure!",
      "コンセプション 俺の子供を産んでくれ!",
      "コンセプション"
    ],
    "i18n": {
      "jpn": "CONCEPTION",
      "eng": "Conception",
      "chi": "我而生"
    },
    "sid": "e196c311-0c32-4eaf-90df-407fbc6d37d6"
  }
}