{
  "header": {
    "version": 3,
    "description": "Karaoke Mugen Series File"
  },
  "series": {
    "name": "Concrete Revolutio: Chôjin Gensô The Last Song",
    "aliases": [
      "Concrete Revolutio: Choujin Gensou The Last Song"
    ],
    "i18n": {
      "jpn": "コンクリート・レボルティオ 超人幻想 THE LAST SONG",
      "eng": "Concrete Revolutio: Superhuman Phantasmagoria ‒ The Last Song",
      "fre": "Concrete Revolutio: The Last Song"
    },
    "sid": "4823b49b-14dc-4613-95e2-fa2f082c89b6"
  }
}