{
  "header": {
    "version": 3,
    "description": "Karaoke Mugen Series File"
  },
  "series": {
    "name": "Corpse Party: Tortured Souls ~ Bôgyakusareta Tamashii no Jukyô",
    "aliases": [
      "Corpse Party Tortured Souls - Bougyakusareta Tamashii no Jukyou",
      "Вечеринка мёртвых: Замученные души",
      "Вечеринка мёртвых: Плач замученных душ",
      "コープスパーティー トーチャードソウルズ -ぼうぎゃくされたたましいのじゅっきょう-"
    ],
    "i18n": {
      "jpn": "コープスパーティー Tortured Souls -暴虐された魂の呪叫-",
      "eng": "Corpse Party: Tortured Souls"
    },
    "sid": "c9574888-00e5-4334-b4a5-4b0ee560c605"
  }
}