{
  "header": {
    "version": 3,
    "description": "Karaoke Mugen Series File"
  },
  "series": {
    "name": "Cosmo Warrior Zero",
    "aliases": [
      "Cosmo Warrior Rei",
      "Cosmo Warrior Zero",
      "Cosmowarrior Zero",
      "CWZ",
      "Космічний вояка Зеро"
    ],
    "i18n": {
      "jpn": "コスモウォーリアー零",
      "fre": "Cosmo Warrior Zero : La jeunesse d'Albator",
      "eng": "Cosmo Warrior Zero",
      "ger": "Cosmowarrior Zero",
      "por": "Cosmowarrior Zero",
      "spa": "Zero, El Guerrero Cósmico"
    },
    "sid": "8cf289cf-ef65-4de2-bf1d-c4f38f5638ba"
  }
}