{
  "header": {
    "version": 3,
    "description": "Karaoke Mugen Series File"
  },
  "series": {
    "name": "Cowboy Bebop",
    "aliases": [
      "Bebop",
      "Bebop TV",
      "CB",
      "CBB",
      "CowBe",
      "Cowboy Bebop",
      "Kaubojus Bebopas",
      "Kaubojus Bibopas",
      "Kovboy Bebop",
      "Ковбой Бибоп ТВ",
      "Ковбой Бібоп ТБ",
      "راعي البقر بيبوب",
      "کابوی بیباپ"
    ],
    "i18n": {
      "jpn": "カウボーイビバップ",
      "spa": "Cowboy Bebop",
      "eng": "Cowboy Bebop",
      "por": "Cowboy Bebop",
      "fre": "Cowboy Bebop",
      "ita": "Cowboy Bebop",
      "fin": "Cowboy Bebop",
      "cat": "Cowboy Bebop",
      "rum": "Cowboy Bebop",
      "ger": "Cowboy Bebop",
      "pol": "Cowboy Bebop",
      "hun": "Csillagközi fejvadászok",
      "cze": "Kovboj Bebop",
      "bul": "Марсиански каубой",
      "heb": "קאובוי ביבופ",
      "kor": "카우보이 비밥",
      "chi": "星際牛仔"
    },
    "sid": "3fb73793-f9b4-431f-ba13-3e1fa28c805e"
  }
}