{
  "header": {
    "version": 3,
    "description": "Karaoke Mugen Series File"
  },
  "series": {
    "name": "Cowboy Bebop: Tengoku no Tobira",
    "aliases": [
      "Cowboy Bebop: Knockin' on Heaven's Door",
      "bebop movie",
      "CB Movie",
      "Cowboy Bebop - The Movie",
      "Cowboy Bebop: la película",
      "Cowboy Bebop: llamando a las puertas del cielo",
      "Kovboy Bebop: Film",
      "Kowboj Bebop",
      "Kowboj Bebop the Movie",
      "Kowboj Bebop: Pukając do nieba bram",
      "Kowboj Bepop",
      "Бібоп фільм",
      "Ковбой Бибоп: Достучаться до небес",
      "Ковбой Бібоп: Фільм",
      "Марсиански Каубой: Врата към Рая"
    ],
    "i18n": {
      "jpn": "カウボーイビバップ天国の扉",
      "eng": "Cowboy Bebop: Knockin' on Heaven's Door",
      "hun": "Cowboy Bebop - A film",
      "ger": "Cowboy Bebop - Der Film",
      "ita": "Cowboy Bebop - Il Film",
      "fre": "Cowboy Bebop le film : Knockin' on Heaven's Door",
      "por": "Cowboy Bebop - O Filme",
      "fin": "Cowboy Bebop - palkkionmetsästäjät",
      "swe": "Cowboy Bebop - The Movie",
      "spa": "Cowboy Bebop: La Película",
      "pol": "Cowboy Bebop: Pukając do nieba bram",
      "est": "Kauboipeitus",
      "lit": "Kaubojus Bibopas: Filmas",
      "cze": "Kovboj Bebop: Lovec odměn",
      "rus": "Ковбой Бибоп",
      "heb": "קאובוי ביבופ: הסרט",
      "kor": "카우보이 비밥 - 천국의 문",
      "chi": "星際牛仔: 天國之門"
    },
    "sid": "528dc2b2-df51-4649-a7ef-ed9155271935"
  }
}