{
  "header": {
    "version": 3,
    "description": "Karaoke Mugen Series File"
  },
  "series": {
    "name": "Coyote Ragtime Show",
    "aliases": [
      "Coyote",
      "CRS",
      "CRTS",
      "星际海盗"
    ],
    "i18n": {
      "jpn": "コヨーテ ラグタイムショー",
      "fre": "Coyote Ragtime Show",
      "pol": "Coyote Ragtime Show",
      "ger": "Coyote Ragtime Show",
      "eng": "Coyote Ragtime Show",
      "rus": "Койот рэгтайм"
    },
    "sid": "9dc10d8c-ea16-4938-b3c4-218f3b4484fa"
  }
}