{
  "header": {
    "version": 3,
    "description": "Karaoke Mugen Series File"
  },
  "series": {
    "name": "Crayon Shin-chan",
    "aliases": [
      "Cậu bé bút chì"
    ],
    "i18n": {
      "jpn": "クレヨンしんちゃん",
      "spa": "Shin Chan",
      "glg": "Shin Chan",
      "ger": "Shin Chan",
      "por": "Shinchan",
      "pol": "Shin-chan",
      "dut": "Shin-Chan",
      "dan": "Shin-Chan",
      "eng": "Shinchan",
      "fre": "Crayon Shin-chan",
      "heb": "שין צ'אן",
      "chi": "蠟筆小新"
    },
    "sid": "160a2b1d-d555-4d30-b336-d938ae276733"
  }
}