{
  "header": {
    "version": 3,
    "description": "Karaoke Mugen Series File"
  },
  "series": {
    "name": "Crayon Tulip ~Chidori to Koruri no Yûwaku Jugyô~",
    "aliases": [
      "Crayon Tulip Chidori to Koruri no Yuuwaku Jugyou"
    ],
    "i18n": {
      "jpn": "くれよんちゅーりっぷ ～ちどりとこるりの誘惑授業～",
      "eng": "Crayon Tulip: Chidori to Koruri no Yuwaku Jugyo",
      "fre": "Crayon Tulip: Chidori to Koruri no Yûwaku Jugyô"
    },
    "sid": "3f614c21-b740-40dd-8eaf-b76f1a357a85"
  }
}