{
  "header": {
    "version": 3,
    "description": "Karaoke Mugen Series File"
  },
  "series": {
    "name": "Cross Ange: Tenshi to Ryû no Rondo",
    "aliases": [
      "Cross Ange Tenshi to Ryuu no Rondo",
      "Cross Ange"
    ],
    "i18n": {
      "jpn": "クロスアンジュ 天使と竜の輪舞[ロンド]",
      "eng": "Cross Ange: Rondo of Angel and Dragon",
      "fre": "Cross Ange",
      "kor": "크로스 앙쥬: 천사와 용의 윤무"
    },
    "sid": "10730638-b625-4aa1-811c-687d080cda8e"
  }
}