{
  "header": {
    "version": 3,
    "description": "Karaoke Mugen Series File"
  },
  "series": {
    "name": "D.Gray-man",
    "aliases": [
      "D.G",
      "D.格雷少年",
      "DGM",
      "dgrayman",
      "Grayman",
      "O Homen Cinza",
      "Сивият",
      "دي. جراي مان",
      "ディー・グレイマン"
    ],
    "i18n": {
      "jpn": "ディー・グレイマン",
      "ger": "D.Gray-man",
      "eng": "D.Gray-man",
      "cze": "D.Gray-Man",
      "hun": "D.Gray-man",
      "pol": "D.Gray-man",
      "fre": "D.Gray-Man",
      "spa": "D.Gray-man",
      "bul": "Ди Грей Мен",
      "tha": "ดีเกรย์แมน",
      "kor": "디그레이맨",
      "chi": "驅魔少年"
    },
    "sid": "8024310d-f718-4b8a-bae9-da27e3ddb950"
  }
}