{
  "header": {
    "version": 3,
    "description": "Karaoke Mugen Series File"
  },
  "series": {
    "name": "D・N・A²",
    "aliases": [
      "DNA 2",
      "Algo acerca de ti que perdí en algún lugar",
      "D.N.A.²",
      "D.N.A²",
      "DNA Squared",
      "DNA^2",
      "DNA2"
    ],
    "i18n": {
      "jpn": "D・N・A² ~何処かで失くしたあいつのアイツ~",
      "eng": "DNA2",
      "cat": "DNA²",
      "por": "DNA²",
      "ger": "DNA²",
      "fre": "DNA²",
      "ita": "DNA²"
    },
    "sid": "97c43fad-0d18-492d-b758-4c11e8d3f939"
  }
}