{
  "header": {
    "version": 3,
    "description": "Karaoke Mugen Series File"
  },
  "series": {
    "name": "D・N・ANGEL",
    "aliases": [
      "DNA Angel",
      "D.N.Angel",
      "D.N Angel",
      "DN Angel",
      "DNAngel",
      "ДНК Ангел",
      "天使怪盗"
    ],
    "i18n": {
      "jpn": "D・N・ANGEL",
      "eng": "DNAngel",
      "fin": "D.N. Angel",
      "fre": "D.N.Angel",
      "pol": "D.N.Angel",
      "rus": "Код Ангела",
      "tha": "ดีเอ็นแองเจิ้ล"
    },
    "sid": "e86662c2-fad3-40d7-ab6d-45b067fcedab"
  }
}